name,currId,short_name,avg_volume,market_cap,revenue,p_e_ratio,beta,smlId
An Phat Plastic and Green Environment JSC,41912,An Phat Plastic and Green,6.64M,5.35T,"9,593.98B",12.37,0.87,"('624',)"
Asia Commercial Bank,41913,ACB,5.26M,87.81T,"20,213.56B",9.06,1.09,"('624',)"
ADC,41914,ADC,0.59K,93.48B,325.49B,12.98,0.59,"('624',)"
Tan Binh Culture Co.,41915,Tan Binh Culture Co.,7.91K,100.39B,216.66B,11.14,-0.48,"('624',)"
VAM,41916,VAM,"77,289.23",43.57B,,,0.17,"('624',)"
Asia Mineral,41917,Asia Mineral,8.45K,71.82B,170.72B,9.44,0.32,"('624',)"
Alphanam M&E,41918,Alphanam M&E,4.86K,289.80B,"1,819.53B",9.79,1.29,"('624',)"
American Vietnamese Biotech Inc,41919,American Vietnamese Biotech,2.46M,1.19T,172.43B,17.29,1.17,"('624',)"
APG Securities Joint Stock Co,41920,APG Securities Joint Stock,2.90M,770.92B,124.58B,14.08,0.45,"('624',)"
Asia Pacific Investment JSC,41921,Asia Pacific Investment JSC,426.01K,2.69T,770.63B,32.39,1.18,"('624',)"
APP,41922,APP,40.26K,54.33B,206.47B,14.91,0.14,"('624',)"
Asia Pacific Securities JSC,41923,Asia Pacific Securities JSC,3.13M,3.23T,251.79B,9.84,0.94,"('624',)"
General Aviation Import Export JSC,41924,General Aviation Import Export JSC,2.69K,155.56B,176.18B,40.69,2.24,"('624',)"
ASA Consumer Product JSC,41925,WMT Sana Joint,"159,542.08",99.00B,145.91B,131.58,0.75,"('624',)"
JSC No 482,41926,JSC No 482,"437,877.69",12.00B,,19.14,1.23,"('624',)"
But Son Cement Packing JSC,41927,But Son Cement Packing JSC,2.80K,72.60B,478.81B,11.2,-0.22,"('624',)"
Bim Son Cement JSC,41928,Bim Son Cement JSC,1.84M,3.08T,"4,237.25B",19.33,1.24,"('624',)"
Binh Dinh Book and Equipment JSC,41929,Binh Dinh Book and Equipment JSC,0.74K,14.42B,54.33B,14.88,,"('624',)"
Danangbook,41930,Danangbook,0.60K,138.00B,102.18B,24.21,0.14,"('624',)"
Bien Hoa Concrete JSC,41931,Bien Hoa Concrete,"13,139.09",23.40B,,,,"('624',)"
Bach Dang TMC Construction Investment JSC,41932,Bach Dang TMC,"40,509.33",58.88B,,,,"('624',)"
BacKan Mineral Joint Stock Corp,41934,BacKan Mineral Joint Stock,13.01K,93.90B,261.00B,,0.02,"('624',)"
Bac Lieu Fis,41935,Bac Lieu Fis,181.57K,60.95B,423.39B,,-0.01,"('624',)"
Bim Son Packing JSC,41936,Bim Son Packing JSC,7.68K,50.54B,264.25B,18.57,0.02,"('624',)"
Ben Thanh Services JSC,41937,Ben Thanh Services JSC,0.26K,53.56B,5.98B,,,"('624',)"
Binh Thuan Books and Equipment JSC,41938,Binh Thuan Books and Equipment JSC,1.45K,18.15B,75.14B,15.5,0.29,"('624',)"
But Son Cement JSC,41940,But Son Cement JSC,408.09K,1.47T,"2,934.74B",,0.12,"('624',)"
Bac Viet Steel JSC,41941,Bac Viet Steel,"421,140.34",66.31B,,,0.59,"('624',)"
Baoviet Securities Company,41942,Baoviet Securities Company,662.50K,2.60T,998.14B,12.36,1.05,"('624',)"
Haiphong Packing VICEM JSC,41943,Haiphong Packing VICEM JSC,13.96K,50.00B,227.30B,28.22,,"('624',)"
Engineering Construction JSC No492,41944,Engineering Construction JSC No492,35.18K,42.50B,168.87B,27.66,0.56,"('624',)"
Ha Long Canned Food JSC,41945,Ha Long Canned Food JSC,1.52K,260.00B,840.45B,9.92,0.1,"('624',)"
Yen Bai Forest JSC,41946,Yen Bai Forest JSC,7.81K,450.82B,669.85B,8.56,0.08,"('624',)"
Can Tho Mineral and Cement JSC,41947,Can Tho Mineral,"2,400.18",322.39B,,8.01,-0.55,"('624',)"
Construction and Infrastructure Development JSC,41949,Const and Infra Dev,"3,001.20",10.16B,,6.47,-0.97,"('624',)"
Central Area Electrical Mechanical,41950,Central Area Electrical Mechanical,0.85K,70.00B,117.66B,,,"('624',)"
Cokyvina,41951,Cokyvina,5.20K,51.50B,468.41B,90.3,-0.26,"('624',)"
CMC Investment JSC,41952,CMC Investment JSC,6.24K,66.59B,63.60B,27.53,-0.88,"('624',)"
CMISTONE Viet Nam JSC,41953,CMISTONE Viet Nam,"248,543.31",9.6B,36.09B,,0.12,"('624',)"
Vietnam Constr,41954,Vietnam Constr,359.77K,533.20B,172.40B,,0.31,"('624',)"
CPC,41955,CPC,3.26K,94.28B,190.94B,8.77,-0.01,"('624',)"
"Cotana., JSC",41956,"Cotana., JSC",118.64K,2.85T,332.02B,44.57,0.46,"('624',)"
JSCono6,41957,JSCono6,"2,847.33",49.46B,182.77B,5.3,,"('624',)"
Hai Duong Pump Manufacturing JSC,41959,Hai Duong Pump Manufacturing JSC,2.45K,372.10B,576.23B,21.4,0.01,"('624',)"
Hoang Kim Tay Nguyen Group JSC,41960,Hoang Kim Tay Nguyen JSC,449.47K,121.66B,195.28B,8,-0.05,"('624',)"
Underground Works Construction JSC,41962,Underground Works Construction JSC,"23,029.54",19.00B,,,,"('624',)"
VietinBank Securities JSC,41963,VietinBank Securities JSC,1.52M,4.05T,787.21B,11.32,1.34,"('624',)"
Viet Nam Inves,41965,Viet Nam Inves,26.99K,891.65B,119.43B,,1.01,"('624',)"
"Vinam.,JSC",41966,"Vinam.,JSC",384.37K,227.70B,61.07B,5.57,0.28,"('624',)"
CMC JSC,41967,CMC,20.28K,1.71T,"1,374.12B",13.62,1.07,"('624',)"
Constrexim,41968,Constrexim,1.59K,19.88B,44.61B,,,"('624',)"
Real Estate 11,41969,Real Estate 11,69.53K,226.70B,432.87B,3.57,0.94,"('624',)"
Viglacera Dong Anh JSC,41970,Viglacera Dong,100.00,6.43B,19.72B,,,"('624',)"
Danang Education Investment And Development JSC,41971,Danang Education Investment And Development JSC,11.54K,119.28B,263.52B,9.67,0.26,"('624',)"
Educational Book In Da Nang City,41972,Educational Book In Da Nang City,2.20K,37.32B,56.71B,10.22,0.37,"('624',)"
Dabaco,41973,Dabaco,2.36M,8.74T,"10,619.11B",5.96,0.94,"('624',)"
Ben Tre Pharmaceutical JSC,41974,Ben Tre Pharmaceutical JSC,271.66K,227.28B,715.25B,46.88,0.47,"('624',)"
Development Investment Construction Number 2 JSC,41975,Development Investment Construction Number 2 JSC,23.64K,85.03B,330.00B,5.28,0.07,"('624',)"
DIC Holdings Construction JSC,41976,DIC Holdings Construction JSC,229.19K,745.91B,646.04B,15.95,0.06,"('624',)"
Hai Phong Elec,41980,Hai Phong Elec,5.41K,117.70B,251.46B,9.04,0.05,"('624',)"
Hataphar,41981,Hataphar,16.67K,1.21T,"2,161.85B",19.05,0.04,"('624',)"
DIC DONG TIEN,41982,DIC DONG TIEN,"201,211.16",212.67B,236.29B,115.81,,"('624',)"
Development Investment Construction Hoi An JSC,41983,Development Investment Construction Hoi An JSC,44.61K,299.65B,166.42B,476.6,-0.01,"('624',)"
Alpha Seven Group JSC,41984,Alpha Seven JSC,3.80M,1.23T,152.23B,26.14,-0.57,"('624',)"
DaLat Real Estate JSC,41985,DaLat Real Estate,"2,058.42",49.50B,15.59B,,,"('624',)"
Hai Phong Electricity Water Machine Assembly JSC,41986,Hai Phong Electricity Water Machine Assembly JSC,0.60K,351.43B,526.38B,11.13,-0.55,"('624',)"
DANAMECO MEDIC,41987,DANAMECO MEDIC,25.85K,172.92B,591.89B,9.39,-0.42,"('624',)"
Dong Nai Plastic Construction JSC,41988,Dong Nai Plastic Construction JSC,17.70K,1.95T,"4,367.58B",144.52,0.06,"('624',)"
DNY,41989,DNY,"207,173.30",97.20B,,,-1.23,"('624',)"
Da Nang Plastic JSC,41990,Da Nang Plastic JSC,0.89K,50.79B,51.61B,5.05,0.26,"('624',)"
Sao Thang Long Investment JSC,41991,Sao Thang Long Investment JSC,2.15M,254.53B,31.54B,49.89,0.88,"('624',)"
Doan Xa Port JSC,41992,Doan Xa Port JSC,521.56K,543.13B,82.46B,8.83,0.86,"('624',)"
DZIMA,41993,DZIMA,75.01K,51.26B,98.15B,95.35,0.15,"('624',)"
Educational Book JSC,41994,Educational Book JSC,3.88K,110.62B,130.92B,,0.18,"('624',)"
Education Cartography and Illustration JSC,41995,Education Cartography and Illustration JSC,0.52K,61.07B,63.29B,13.88,,"('624',)"
Education Financial Investment JSC,41996,EFI,"126,568.77",34.82B,,7.76,0.32,"('624',)"
Ha Noi Education Development And Investment JSC,41997,Ha Noi Education Development And Investment JSC,47.81K,360.00B,756.34B,7.78,0.24,"('624',)"
FIT INVEST JSC,41999,FIT INVEST JSC,10.52M,3.52T,"1,229.03B",34.12,1.01,"('624',)"
GiaiPhong Motor JSC,42001,GiaiPhong Motor,"70,945.62",49.14B,,,-0.88,"('624',)"
Global Electrical Technology Corp,42002,Global Electrical Technology,7.05K,284.60B,143.44B,11.58,-0.55,"('624',)"
MY XUAN BRICK,42003,MY XUAN BRICK,38.85K,187.92B,215.63B,14.28,0.35,"('624',)"
HAD,42004,HAD,9.55K,68.00B,123.49B,,0.74,"('624',)"
Hanoi Beer Trading JSC,42005,Hanoi Beer Trading JSC,8.27K,62.77B,690.64B,,0.34,"('624',)"
HTBEECO,42006,HTBEECO,0.30K,16.73B,40.66B,9.05,,"('624',)"
HBS,42007,HBS,398.45K,491.70B,15.96B,78.02,0.49,"('624',)"
Hoa Cam Concrete JSC,42008,Hoa Cam Concrete JSC,21.62K,84.09B,202.40B,26.1,0.11,"('624',)"
Haiphong Cement Transport JSC,42009,Haiphong Cement Transport JSC,0.86K,35.69B,76.27B,,0.34,"('624',)"
Dong A Paint JSC,42010,Dong A Paint JSC,138.33K,319.70B,349.68B,11.64,0.34,"('624',)"
Hung Dao Container JSC,42011,Hung Dao Container,"458,474.23",43.73B,,,0.14,"('624',)"
Higher Educational&Vocational Book,42012,Higher Educational&Vocational Book,1.59K,23.60B,39.12B,17.72,0.01,"('624',)"
HGM,42013,HGM,3.39K,435.11B,220.59B,7.24,-0.3,"('624',)"
Hai Ha Confectionery JSC,42014,Hai Ha Confectionery JSC,0.78K,1.24T,"1,229.00B",35.88,0.56,"('624',)"
HOANG HA JSC,42015,HOANG HA JSC,1.63M,247.76B,98.58B,,1.31,"('624',)"
Nam Mu Hydropower JSC,42017,Nam Mu Hydropower JSC,5.47K,714.00B,162.71B,13.63,0.48,"('624',)"
Vinacomin Ha Lam Coal JSC,42018,Vinacomin Ha Lam Coal JSC,33.25K,332.94B,"3,122.54B",13.69,0.11,"('624',)"
HUDLAND Real Estate Investment and Development,42019,HUDLAND Real Estate,115.75K,730.00B,137.43B,13.4,0.56,"('624',)"
Viglacera HaLong I JSC,42020,Viglacera HaLong I JSC,"2,048.58",14.80B,24.45B,,-1.35,"('624',)"
Hai Minh Corp,42021,Hai Minh,14.98K,213.27B,111.70B,13.06,-0.05,"('624',)"
Hanoimilk JSC,42022,Hanoimilk JSC,"300,896.77",296.00B,312.21B,20.82,0.57,"('624',)"
HOM,42023,HOM,811.10K,676.78B,"1,773.49B",720.32,0.72,"('624',)"
PP Pack Making JSC,42024,PP Pack Making,"1,038.10",75.70B,,6.64,-0.45,"('624',)"
Hai Phong Securities JSC,42025,Hai Phong Securities JSC,"67,820.58",481.41B,67.93B,18.3,0.2,"('624',)"
HocMon Trade JSC,42029,HocMon Trade JSC,3.25K,359.70B,"1,361.28B",10.99,0.16,"('624',)"
Hoaphat Textbook Printing JSC,42030,Hoaphat Textbook Printing JSC,64.02K,3.11T,7.64B,57.81,,"('624',)"
HUD - TASCO,42031,HUD - TASCO,3.68M,4.57T,"1,077.83B",,1.48,"('624',)"
VICCO,42032,VICCO,13.89K,625.22B,896.99B,12.27,0.45,"('624',)"
Song Hong Construction JSC,42033,Song Hong Construction JSC,59.08K,302.00B,36.46B,26.87,0.2,"('624',)"
IDJ FINANCIAL,42034,IDJ FINANCIAL,1.33M,3.70T,769.41B,25.58,0.01,"('624',)"
VinhPhuc Infrastructure Development JSC,42035,VinhPhuc Infrastructure Development JSC,48.85K,1.25T,120.92B,5.36,0.49,"('624',)"
IDICO INCON,42037,IDICO INCON,2.85K,23.00B,28.08B,10.2,0.53,"('624',)"
Agriculture Printing and Packaging JSC,42038,Agriculture Printing and Packaging JSC,33.82K,684.12B,"1,394.79B",11.85,0.46,"('624',)"
THIEN QUANG GR,42039,THIEN QUANG GR,987.51K,221.74B,591.07B,25.9,0.26,"('624',)"
Guotai Junan Securities Vietnam Corp,42040,Guotai Junan Securities Vietnam,301.71K,1.25T,66.67B,56.17,0.5,"('624',)"
Hung Long Mineral and Building Material JSC,42043,Hung Long Mineral,"590,470.77",30.00B,,,0.14,"('624',)"
KKC Metal Joint Stock Company,42044,KKC Metal Joint Stock,2.07K,122.00B,432.67B,5.21,0.54,"('624',)"
Central Vietnam Metal Corp,42046,Central Vietnam Metal,12.00K,107.33B,"2,401.90B",7.58,,"('624',)"
KSD,42047,KSD,66.57K,82.80B,44.61B,,-0.06,"('624',)"
CNC Capital Viet Nam JSC,42048,CNC Capital Viet Nam JSC,727.81K,240.00B,73.17B,22.91,0.68,"('624',)"
KASATI,42049,KASATI,0.86K,76.40B,181.55B,21.42,0.13,"('624',)"
KTS,42050,KTS,23.61K,110.02B,214.34B,23.43,0.45,"('624',)"
KTT,42051,KTT,23.77K,45.21B,362.37B,47.69,-0.9,"('624',)"
LICOGI 14,42052,LICOGI 14,85.53K,6.65T,154.35B,104.79,1.23,"('624',)"
Construction And Investment JSC No 18,42053,Construction And Investment JSC No 18,170.13K,1.85T,"2,121.68B",62.41,-0.39,"('624',)"
Erection Mechanical JSC,42054,Erection Mechanical JSC,2.07K,25.79B,95.03B,,0.24,"('624',)"
LILAMA 45.3 JS,42055,LILAMA 45.3 JS,31.10K,28.00B,59.92B,,,"('624',)"
Lilama 45.4 JSC,42056,Lilama 45.4,"119,108.54",11.54B,,,0.76,"('624',)"
LILAMA 69-1,42057,LILAMA 69-1,2.62K,68.19B,641.94B,,-0.13,"('624',)"
LILAMA 69-2 CO,42058,LILAMA 69-2 CO,16.37K,75.51B,223.15B,522.52,,"('624',)"
LAM THAO FERTI,42059,LAM THAO FERTI,1.82M,2.60T,"3,441.89B",33.59,0.67,"('624',)"
Long An School Book and Equipment JSC,42060,Long An School Book and Equipment JSC,14.55K,25.75B,65.08B,20.05,,"('624',)"
Erection Electromechanics Testing JSC,42061,Erection Electromechanics Testing JSC,0.39K,30.90B,171.46B,9.52,,"('624',)"
LICOGI 16.6 JS,42062,LICOGI 16.6 JS,171.63K,38.00B,68.29B,,-0.16,"('624',)"
Lam Dong Pharmaceutical JSC,42063,Lam Dong Pharmaceutical JSC,22.12K,452.23B,193.45B,,0.51,"('624',)"
LHC,42064,LHC,14.42K,749.52B,"1,069.72B",10.57,0.09,"('624',)"
LICOGI 13,42065,LICOGI 13,2.05M,1.06T,"2,620.53B",118.71,0.84,"('624',)"
Lilama 3 JSC,42066,Lilama 3,"23,098.46",21.63B,,,-0.27,"('624',)"
LILAMA 7,42067,LILAMA 7,12.45K,44.50B,77.07B,,-1.28,"('624',)"
Lilama 5 JSC,42068,Lilama 5 JSC,"61,157.08",13.39B,101.34B,,-0.03,"('624',)"
Low Current - Telecom JSC,42069,Low Current - Telecom JSC,"46,636.69",27.52B,,,-0.12,"('624',)"
Luong Tai Investment Construction JSC,42070,Luong Tai Investment Construction JSC,71.82K,106.22B,280.69B,285.93,1.63,"('624',)"
Marine Supply and Engineering Service JSC,42071,Marine Supply and Engineering Service JSC,568.98K,137.77B,99.61B,,0.3,"('624',)"
High Grade Brick Tile Corp,42073,High Grade Brick Tile,0.30K,56.34B,36.98B,41.04,-0.03,"('624',)"
Mechanics Construction and Foodstuff JSC,42074,Mechanics Construction and Foodstuff JSC,42.29K,112.09B,424.43B,14.47,0.24,"('624',)"
Investment And Construction JSC No1,42076,Investment And Construction JSC No1,66.06K,36.52B,67.80B,451.71,0.48,"('624',)"
Vinacomin Mong Duong Coal JSC,42077,Vinacomin Mong Duong Coal JSC,50.34K,267.73B,"2,657.66B",8.08,-0.16,"('624',)"
Song Da Mechanical Assembling JSC,42078,Song Da Mechanical Assembling JSC,"135,385.69",48.45B,102.97B,,0.38,"('624',)"
Minh Huu Lien JSC,42079,Minh Huu Lien,43.26K,39.14B,330.95B,,0.56,"('624',)"
Quang Nam Mineral Industry Corp,42080,Quang Nam Mineral Industry,"10,458.63",57.83B,,12.47,-0.47,"('624',)"
Mineral and Mechanical JSC,42081,Mineral and Mechanical JSC,7.95K,30.69B,119.56B,14.07,,"('624',)"
Cai Lay Veterinary Pharmaceutical JSC,42082,Cai Lay Veterinary Pharmaceutical JSC,5.30K,81.00B,161.15B,8.69,,"('624',)"
NAGAKAWA VIETN,42085,NAGAKAWA VIETN,144.94K,211.87B,"1,859.02B",17.62,0.29,"('624',)"
Vinacomin NuiBeo Coal JSC,42086,Vinacomin NuiBeo Coal JSC,771.01K,621.59B,"2,307.62B",9.37,0.47,"('624',)"
NinhBinh Thermal Power JSC,42087,NinhBinh Thermal Power JSC,24.91K,225.15B,827.64B,7.53,0.3,"('624',)"
DANANG HOUSING,42088,DANANG HOUSING,3.50M,1.40T,614.11B,3.97,0.81,"('624',)"
DA NANG HOUSIN,42089,DA NANG HOUSIN,191.25K,107.87B,119.01B,8.48,0.14,"('624',)"
NETCO,42090,NETCO,9.48K,1.22T,"1,371.69B",10.75,0.57,"('624',)"
Ngo Quyen Processing Export JSC,42091,Ngo Quyen Processing Export JSC,"20,518.88",25.76B,86.24B,6.77,0.4,"('624',)"
Ha Noi South Housing and Urban Development Corp,42092,Ha Noi South Housing and Urban Development,289.33K,1.46T,173.97B,35.39,0.91,"('624',)"
Nhi Hiep Brick-Tile JSC,42093,Nhi Hiep Brick-Tile JSC,0.69K,106.45B,36.60B,10.86,-0.19,"('624',)"
Ngan Son JSC,42098,Ngan Son JSC,25.59K,109.78B,495.61B,22.27,-0.59,"('624',)"
Tien Phong Plastic JSC,42099,Tien Phong Plastic JSC,202.47K,7.13T,"4,401.84B",18.87,0.69,"('624',)"
National Citizen Commercial Joint Stock Bank,42100,National Citizen Commercial Joint Stock Bank,382.93K,11.51T,"3,374.46B",79.7,0.56,"('624',)"
OCH.JSC,42102,OCH.JSC,308.92K,1.76T,697.09B,,0.4,"('624',)"
ONE CORP,42103,ONE CORP,82.32K,65.75B,707.27B,10.18,0.36,"('624',)"
Orient Securities Corp,42104,Orient Securities,"2,807,174.41",1.24T,"1,026.89B",18.24,1.26,"('624',)"
Petrovietnam Gas City Investment and Development JSC,42105,Petrovietnam Gas City Investment and Development J,163.14K,188.70B,368.34B,37.95,0.33,"('624',)"
CGT,42106,CGT,33.13K,200.10B,677.19B,17.62,,"('624',)"
PTC,42107,PTC,6.74K,105.00B,41.57B,,-0.9,"('624',)"
Petroleum Dong Do JSC,42108,Petroleum Dong Do,"995,527.11",390.00B,15.12B,,0.99,"('624',)"
Petrovietnam Southern Gas JSC,42109,Petrovietnam Southern Gas JSC,196.91K,1.20T,"5,521.73B",13.83,1.12,"('624',)"
P TAXI SAIGON,42110,P TAXI SAIGON,83.75K,101.83B,3.24B,,-0.24,"('624',)"
Phuc Hung Holdings Construction JSC,42111,Phuc Hungnstruction,1.02M,440.88B,979.97B,18.58,0.46,"('624',)"
HONGHA VIETNAM,42112,HONGHA VIETNAM,"150,723.75",269.69B,354.94B,13.67,-0.24,"('624',)"
Petroleum Interior Decoration JSC,42114,Petroleum Interior,"11,600.00",,,,,"('624',)"
PIV JSC,42115,PIV,"613,665.15",48.51B,,,0.53,"('624',)"
Petrolimex Hanoi,42116,Petrolimex Hanoi,1.83K,172.18B,753.69B,9.25,0.07,"('624',)"
Petrolimex Petrochemical JSC,42117,Petrolimex Petrochemical JSC,815.05K,3.19T,"6,564.36B",19.65,0.82,"('624',)"
PHARMEDIC JSC,42118,PHARMEDIC JSC,2.77K,615.95B,404.79B,15.59,0.59,"('624',)"
Petroleum Mechanical JSC,42119,Petroleum Mechanical JSC,2.51K,160.60B,"1,129.38B",7.11,0.61,"('624',)"
Post&Telecommunication Equipment,42120,Post&Telecommunication Equipment,3.48K,384.71B,"1,124.43B",23.95,0.42,"('624',)"
PetroVietnam Power Engineering Consulting JSC,42121,PetroVietnam Power Eng,4.55K,27.40B,41.28B,24.15,0.02,"('624',)"
Phong Phu Pharmaceutical JSC,42123,Phong Phu Pharmaceutical JSC,57.80K,162.80B,155.11B,12.79,0.04,"('624',)"
PertroVietnam Power Services JSC,42124,PertroVietnam Power Services JSC,59.65K,199.50B,371.88B,12.39,0.57,"('624',)"
PORTSERCO,42125,PORTSERCO,1.56K,18.48B,86.44B,18.75,,"('624',)"
Petrolimex Saigon,42126,Petrolimex Saigon,0.69K,115.20B,418.69B,13.78,0.09,"('624',)"
PETROLEUM GENE,42127,PETROLEUM GENE,186.16K,915.48B,"7,870.37B",10.01,0.35,"('624',)"
Sai Gon Petroleum Construction and Investment JSC,42128,Sai Gon Petroleum Construct,"205,573.46",129.50B,,,0.07,"('624',)"
PSI,42129,PSI,663.28K,981.40B,385.11B,29.54,0.56,"('624',)"
POST TELECOMMU,42130,POST TELECOMMU,14.55K,3.45T,"4,953.08B",13.2,-0.34,"('624',)"
Haiphong PTS JSC,42132,Haiphong PTS JSC,43.99K,62.92B,328.30B,9.63,0.16,"('624',)"
PV2 Investment JSC,42133,PV2 Investment JSC,934.21K,294.95B,4.50B,,0.25,"('624',)"
PetroVietnam Nghe An Construction JSC,42134,PetroVietnam Nghe An,"250,261.23",63.35B,47.56B,,0.24,"('624',)"
Petrovietnam Drilling Mud JSC,42135,Petrovietnam Drilling Mud JSC,1.73M,593.75B,"2,461.79B",,1.38,"('624',)"
Petrovietnam Engineering JSC,42136,Petrovietnam Engineering JSC,"333,939.85",105.00B,,238.3,0.8,"('624',)"
Petro Vietnam LPG JSC,42137,Petro Vietnam LPG JSC,1.09M,492.75B,"4,133.05B",23.3,0.73,"('624',)"
PVI Holdings,42138,PVI Holdings,544.19K,11.01T,"4,959.71B",11.2,0.69,"('624',)"
Viet Property Investment JSC,42139,Viet Property Investment JSC,2.60M,945.00B,36.33B,39.83,0.71,"('624',)"
Petrovietnam Premier Recreation JSC,42140,Petrovietnam Premier,"499,682.85",171.29B,7.12B,,0.52,"('624',)"
Petrovietnam Technical Services Corp,42141,Petrovietnam Technical Services,10.18M,11.66T,"15,105.92B",28.18,1.57,"('624',)"
PVC,42143,PVC,"10,974,173.38",2.56T,"1,985.85B",,0.83,"('624',)"
PetroVietnam Nghe An Investment & Trading JSC,42144,PetroVietnam Nghe An Invest,"238,945.46",48.00B,13.56B,,0.82,"('624',)"
Quangnam Post Telecoms Construction and Services Corp,42145,Quangnam Post Telecoms,"1,448.00",14.36B,,35.41,0.56,"('624',)"
Viet Duc Welding Electrode JSC,42146,Viet Duc Welding Electrode JSC,0.88K,202.20B,268.66B,13.17,0.24,"('624',)"
Quang Ninh Construction and Cement JSC,42147,Quang Ninh Construction and Cement JSC,"176,929.31",579.21B,"1,327.46B",8.45,1.11,"('624',)"
Quang Ninh Book and Educational Equipment JSC,42148,Quang Ninh Book and Educational Equipment JSC,0.39K,47.30B,133.10B,5.29,,"('624',)"
Quang Nam Transportation Construction JSC,42149,Quang Nam Transportation Construction JSC,9.91K,45.90B,130.78B,10.33,0.16,"('624',)"
Cholon Real Estate JSC,42150,Cholon Real Estate JSC,11.29K,138.34B,172.07B,18.54,-0.12,"('624',)"
Song Da No 12 JSC,42152,Song Da No 12,"55,667.69",14.50B,,53.95,-0.05,"('624',)"
Song Da 505 JSC,42153,Song Da 505 JSC,19.48K,430.00B,536.83B,8.07,0.38,"('624',)"
Song Da 7.04 JSC,42154,Song Da 7.04 JSC,"3,689.50",59.62B,29.75M,,,"('624',)"
Song Da No 9.06 JSC,42156,Song Da No 9.06,"109,395.69",29.00B,,,0.06,"('624',)"
SCI JSC,42157,SCI JSC,1.49M,1.10T,"6,863.43B",6.22,0.52,"('624',)"
Safoco Foodstuff JSC,42158,Safoco Foodstuff JSC,0.49K,630.50B,"1,013.41B",15.48,-0.12,"('624',)"
Textbook Printing JSC in Ho Chi Minh City,42159,Textbook Printing,346.18,11.33B,5.24B,,0.17,"('624',)"
SONGDA CAO CUO,42161,SONGDA CAO CUO,"101,302.22",415.31B,319.55B,15.26,-0.39,"('624',)"
Saigon Thuong Tin Real Estate JSC,42162,Saigon Thuong Tin Real Estate JSC,13.31M,6.78T,"2,148.54B",13.76,1.38,"('624',)"
Song Da No. 2 JSC,42164,Song Da No. 2 JSC,30.40K,187.51B,248.01B,,0.16,"('624',)"
SONG DA 4,42165,SONG DA 4,94.37K,87.55B,725.71B,182.16,0.18,"('624',)"
Song Da No. 5 JSC,42166,Song Da No. 5 JSC,388.37K,338.00B,"1,994.84B",11.1,0.79,"('624',)"
Song Da N0. 6 JSC,42167,Song Da N0. 6 JSC,360.51K,295.56B,503.75B,213.71,0.73,"('624',)"
Song Da 7 JSC,42168,Song Da 7,"49,662.41",100.70B,,97.44,0.91,"('624',)"
Song Da No. 9 JSC,42169,Song Da No. 9 JSC,614.88K,496.39B,546.38B,68.11,0.66,"('624',)"
Song Da Manpower Supply&Trading JSC,42170,Song Da Manpower Supply&Trading JSC,227.43K,1.23T,31.95B,267.23,0.59,"('624',)"
Song Da 207 JSC,42171,Song Da 207,"44,870.00",35.20B,,,,"('624',)"
Song Da Consulting JSC,42172,Song Da Consulting JSC,1.46K,26.88B,57.68B,17.56,,"('624',)"
SADICO CAN THO,42175,SADICO CAN THO,0.35K,292.03B,"1,386.24B",,-0.17,"('624',)"
Dong Nai Paint Corporation,42177,Dong Nai Paint Corporation,1.04K,62.55B,129.41B,7.17,,"('624',)"
Petro Song Da Trading and Investment JSC,42178,Petro Song Da Trading,"475,428.14",17.78B,6.11B,,0.55,"('624',)"
Song Da N0 10. JSC,42179,Song Da N0 10. JSC,280.95K,388.86B,"1,175.36B",,0.42,"('624',)"
Song Da Urban Investment Construction and Development JSC,42180,Song Da Urban Investment Construction and Developm,1.94K,212.00B,79.98B,,-0.01,"('624',)"
MIEN TRUNG PID,42182,MIEN TRUNG PID,2.50K,1.41T,328.26B,10.93,0.37,"('624',)"
EDID,42183,EDID,36.21K,210.47B,638.20B,6.64,0.21,"('624',)"
Saigon Fishing Net JSC,42185,Saigon Fishing Net JSC,4.50K,80.20B,133.41B,6.73,0.76,"('624',)"
Sagiang Import&Export Corporation,42186,Sagiang Import&Export Corporation,0.12K,445.29B,359.23B,20.01,0.27,"('624',)"
Educational Book In Ho Chi Minh,42187,Educational Book In Ho Chi Minh,0.77K,41.64B,134.29B,254.83,-0.03,"('624',)"
Saigon Hotel JSC,42188,Saigon Hotel JSC,0.61K,453.76B,21.23B,150.18,-1.03,"('624',)"
Son Ha Sai Gon JSC,42189,Son Ha Sai Gon,386.65K,301.02B,941.39B,7.14,0.21,"('624',)"
Sai Gon Ha Noi Commercial Joint Stock Bank,42190,Sai Gon Ha Noi Commercial,21.36M,47.02T,"19,297.39B",13.95,0.51,"('624',)"
HANIC,42191,HANIC,40.37K,2.03T,"3,688.02B",,0.04,"('624',)"
SHS,42192,SHS,6.89M,14.96T,"2,436.34B",10.26,1.64,"('624',)"
ANI Joint Stocks Co,42193,ANI Joint Stocks,6.93K,527.98B,181.94B,43.04,,"('624',)"
Hung Hau Agricultural Corp,42194,Hung Hau Agricultural,3.31K,358.91B,"1,057.38B",25.57,0.36,"('624',)"
Song Da 1.01 JSC,42195,Song Da 1.01 JSC,"77,643.31",33.98B,45.58B,,1.31,"('624',)"
Song Da N011 JSC,42196,Song Da N011 JSC,20.54K,536.11B,784.80B,16.21,0.21,"('624',)"
Song Da 19 JSC,42197,Song Da 19,"105,845.55",38.50B,,,0.32,"('624',)"
SON LA SUGAR,42199,SON LA SUGAR,18.56K,1.45T,838.88B,7.93,0.61,"('624',)"
SMT,42200,SMT,81.59K,87.48B,300.60B,36.15,0.31,"('624',)"
Spiral Galaxy JSC,42202,Spiral Galaxy JSC,279.25K,206.82B,60.76B,,0.92,"('624',)"
Sai Gon Plastic Packaging JSC,42203,Sai Gon Plastic Packaging JSC,"861,639.23",65.31B,,,0.29,"('624',)"
Sai Gon Quy Nhon Mining Corp,42204,Sai Gon Quy Nhon,"1,500.00",10.12T,243.00M,,,"('624',)"
"SARA., JSC",42205,"SARA., JSC",781.81K,488.16B,101.04B,14.19,0.86,"('624',)"
Sara Group JSC,42206,Sara Group,"125,440.59",78.20B,,,1.02,"('624',)"
Steel Structure Manufacture JSC,42208,Steel Structure Manufacture JSC,6.34K,40.57B,108.39B,,0.72,"('624',)"
Book And Educational Equipment JSC,42209,Book And Educational Equipment JSC,9.03K,117.84B,412.48B,19.11,0.38,"('624',)"
Song Da Industry Trade JSC,42210,Song Da Industry Trade JSC,17.15K,82.07B,235.25B,19.58,0.31,"('624',)"
Vexilla Viet Nam Group JSC,42211,Vexilla Viet Nam JSC,244.48K,142.13B,104.69B,,0.36,"('624',)"
Tran Anh Digital World JSC,42212,Tran Anh Digital,998.06,3.50T,135.43B,262.05,,"('624',)"
TBX,42214,TBX,0.30K,15.10B,18.41B,,,"('624',)"
Vinacomin Coc Sau Coal JSC,42215,Vinacomin Coc Sau Coal JSC,569.05K,393.20B,"2,344.68B",113.47,0.4,"('624',)"
Tay Ninh Cable Car Tour Co.,42217,Tay Ninh Cable Car Tour Co.,43.20K,453.97B,39.33B,57.36,0.7,"('624',)"
Vinacomin Deo Nai Coal JSC,42218,Vinacomin Deo Nai Coal JSC,395.99K,420.98B,"2,929.28B",6.56,0.49,"('624',)"
TEXTACO,42219,TEXTACO,0.69K,179.64B,22.49B,17,,"('624',)"
Viet Nam National General Export Import JSC No1,42220,National Export Import 1,"7,707.17",94.77B,143.95B,,,"('624',)"
THB,42221,THB,4.47K,159.94B,"1,352.91B",41.86,0.43,"('624',)"
Vinacomin HaTu Coal JSC,42222,Vinacomin HaTu Coal JSC,343.56K,329.23B,"2,993.79B",9.86,0.27,"('624',)"
THANGLONG INVE,42223,THANGLONG INVE,1.11M,3.19T,799.46B,18.27,0.8,"('624',)"
Transportation&Trading Services JSC,42224,Transportation&Trading Services JSC,6.86K,159.96B,133.46B,11.23,0.16,"('624',)"
TAKCO,42225,TAKCO,19.11K,147.03B,781.48B,8.06,0.9,"('624',)"
Tung Kuang Industrial JSC,42226,Tung Kuang Industrial JSC,25.47K,1.18T,958.84B,8.67,0.33,"('624',)"
Thu Duc Trading&Import Export JSC,42227,Thu Duc Trading&Import Export JSC,8.08K,150.04B,"1,328.67B",35.74,-0.28,"('624',)"
"CEMENT.T., JSC",42228,"CEMENT.T., JSC",2.65K,73.80B,499.35B,27.9,-0.06,"('624',)"
Tng Investment And Trading JSC,42229,Tng Investment And Trading JSC,3.06M,2.49T,"5,031.48B",13.31,1.33,"('624',)"
Hanoi Textbooks Printing JSC,42230,Hanoi Textbooks Printing JSC,2.04K,26.20B,30.72B,14.25,,"('624',)"
Tan Phu Viet Nam JSC,42231,Tan Phu Viet Nam JSC,5.14K,224.00B,"1,299.34B",39.16,-0.1,"('624',)"
Tiasang Battery JSC,42232,Tiasang Battery JSC,1.26K,66.78B,171.90B,13.93,,"('624',)"
Telecommunication Technical Service,42234,Telecommunication Technical Service,1.80K,62.40B,78.97B,,-0.23,"('624',)"
Thanh Thanh JSC,42235,Thanh Thanh JSC,4.80K,92.08B,237.92B,9.94,-0.25,"('624',)"
TIEN TRUNG INV,42236,TIEN TRUNG INV,221.92K,49.18B,3.50B,,0.26,"('624',)"
Power Engineering Consulting JSC 3,42238,Power Engineering Consulting JSC 3,70.48K,169.66B,248.58B,21.9,0.48,"('624',)"
Power Engineering Consulting JSC 4,42239,Power Engineering Consulting JSC 4,25.11K,305.56B,274.38B,10.4,0.2,"('624',)"
TVD,42240,TVD,622.12K,562.04B,"4,889.43B",9.6,0.45,"('624',)"
Gypsum And Cement JSC,42241,Gypsum And Cement JSC,89.51K,58.80B,203.73B,,0.76,"('624',)"
Vien Lien Joint - Stock Co.,42242,Vien Lien Joint - Stock Co.,12.47K,274.87B,1.61B,,0.33,"('624',)"
Viet Nam Construction JSC No 12,42243,Viet Nam Construction JSC No 12,10.72K,95.42B,655.71B,10.95,0.18,"('624',)"
Vinaconex No15 JSC,42244,Vinaconex No15,"197,907.85",23.00B,,,-0.59,"('624',)"
VINACONEX 21,42245,VINACONEX 21,144.43K,157.20B,193.59B,63.74,0.56,"('624',)"
VATEL,42246,VATEL,31.45K,25.00B,,,0.01,"('624',)"
VBC,42247,VBC,5.66K,180.00B,"1,205.67B",8.86,0.01,"('624',)"
Viettronics Binh Hoa JSC,42248,Viettronics Binh Hoa,"1,041.46",26.68B,,13.39,,"('624',)"
Construction JSC N0 1,42249,Construction JSC N0 1,28.68K,182.40B,242.38B,23.45,0.29,"('624',)"
Vina2 Investment and Construction JSC,42250,Vina2 Investment and Construction JSC,246.42K,2.12T,"1,002.14B",21.22,0.1,"('624',)"
Vietnam Construction JSC No. 3,42251,Vietnam Construction JSC No. 3,376.87K,3.86T,101.20B,162.42,0.08,"('624',)"
VINACONEX NO 5,42252,VINACONEX NO 5,"111,721.00",14.50B,,,,"('624',)"
Visicons Construction and Investment JSC,42253,Visicons Construction and Investment JSC,7.23K,112.00B,817.00B,23.41,0.14,"('624',)"
BGI Group JSC,42254,BGI JSC,365.99K,1.08T,116.41B,66.27,0.54,"('624',)"
Construction JSC No 9,42255,Construction JSC No 9,151.98K,182.45B,263.76B,,0.51,"('624',)"
VINACONEX 25,42256,VINACONEX 25,61.32K,284.40B,737.33B,64.86,0.37,"('624',)"
Vietnam Construction and Import Export JSC,42257,VINACONEX,1.72M,21.62T,"5,358.98B",16.81,0.66,"('624',)"
VINACONEX MEC,42258,VINACONEX MEC,3.13K,55.50B,27.66B,8.42,0.69,"('624',)"
VINACONEX ITC,42259,VINACONEX ITC,"370,524.75",8.19T,,,1,"('624',)"
Vicostone JSC,42260,Vicostone JSC,247.54K,18.75T,"6,865.91B",11.78,1.02,"('624',)"
Lam Dong Foodstuff JSC,42262,Lam Dong Foodstuff JSC,2.19K,350.31B,269.24B,57.4,-0.12,"('624',)"
VNECO1,42264,VNECO1,23.66K,46.26B,7.31B,118.77,0.32,"('624',)"
VNECO2,42265,VNECO2,7.83K,30.84B,50.78B,52.18,,"('624',)"
VNECO 3,42266,VNECO 3,21.23K,17.82B,98.23B,14.89,0.49,"('624',)"
VNECO4 Electricity Construction JSC,42267,VNECO4 Electricity,5.37K,49.96B,82.04B,59.7,0.09,"('624',)"
VNECO 8 ELECTR,42268,VNECO 8 ELECTR,9.09K,18.36B,116.56B,4.09,,"('624',)"
Vneco9 Investment Construction JSC,42269,Vneco9 Investment Construction JSC,"264,216.59",84.17B,3.29B,,0.36,"('624',)"
Transport & Chartering Corp,42270,Transport Chartering,"13,790.73",141.00B,157.70B,21.46,0.42,"('624',)"
Vegetexco Port JSC,42271,Vegetexco Port JSC,0.96K,219.13B,"10,451.19B",8.68,0.31,"('624',)"
VGS,42272,VGS,790.17K,1.84T,"6,711.76B",12.55,1.05,"('624',)"
Thanh Dat Investment House Trading JSC,42273,Thanh Dat Investment,"1,263.29",79.50B,,,,"('624',)"
VIGLACERA HALO,42274,VIGLACERA HALO,7.52K,615.00B,"2,004.86B",14.43,0.75,"('624',)"
VITECO VIETNAM,42275,VITECO VIETNAM,3.04K,17.11B,23.83B,177.59,,"('624',)"
VICS,42276,VICS,2.69M,529.07B,9.89B,,1.88,"('624',)"
VIT,42277,VIT,96.26K,834.99B,"1,222.19B",10.14,0.48,"('624',)"
VIX Securities JSC,42278,VIX Securities JSC,5.88M,8.58T,"1,482.37B",4.87,0.85,"('624',)"
VKC,42279,VKC,327.59K,267.98B,986.64B,245.81,0.39,"('624',)"
VLA,42280,VLA,5.24K,38.88B,5.07B,,-0.3,"('624',)"
Vimeco JSC,42281,Vimeco JSC,139.94K,416.00B,851.08B,241.23,0.65,"('624',)"
Vinacontrol Group Corp,42282,Vinacontrol,1.82K,368.53B,588.93B,10.38,0.41,"('624',)"
VNDIRECT Securities Corp,42283,VNDIRECT Securities,7.46M,32.79T,"4,719.85B",10.06,1.42,"('624',)"
VINAFREIGHT,42284,VINAFREIGHT,49.77K,617.45B,"3,853.13B",73.93,0.1,"('624',)"
Vietnam National Reinsurance,42286,Vietnam National Reinsurance,185.42K,4.52T,"2,405.18B",13.1,0.02,"('624',)"
VAN CARGOES,42287,VAN CARGOES,4.70K,782.66B,"2,103.26B",,0.19,"('624',)"
Viet Nam Power Investment and Development JSC,42288,Viet Nam Power Investment,"41,642.31",36.00B,,,0.25,"('624',)"
VTC Telecommunications JSC,42289,VTC Telecommunications JSC,7.51K,66.58B,216.72B,16.23,-0.1,"('624',)"
Thanglong JSC,42290,Thanglong JSC,1.53K,64.26B,84.21B,,,"('624',)"
Viglacera Tu Son Ceramic JSC,42291,Viglacera Tu Son Ceramic,"1,655.34",20.07B,13.73B,,0.25,"('624',)"
Vicem Energy and Environment JSC,42292,Vicem Energy and Environment JSC,303.30K,274.56B,"1,607.69B",155.09,0.14,"('624',)"
VXB,42293,VXB,28.42K,102.84B,70.30B,,0.67,"('624',)"
West Coach Station JSC,42294,West Coach Station JSC,0.66K,467.50B,110.18B,27.33,0.26,"('624',)"
WSS,42295,WSS,313.05K,724.32B,61.35B,218.42,0.79,"('624',)"
Yenbai Cement and Minerals JSC,42297,Yenbai Cement,730.57,142.47B,,,,"('624',)"
CFS Investment and Import Export Trading JSC,43221,CFS Investment and Import Export Trading JSC,7.84M,1.07T,"1,429.88B",702.32,0.74,"('624',)"
Petrovietnam Pac,945192,Petrovietnam Pac,6.59K,57.59B,332.52B,6.63,0.46,"('624',)"
Petrovietnam Camau Fertilizer,950607,Petrovietnam Camau Fertilizer,6.74M,18.85T,"8,314.39B",21.47,0.93,"('624',)"
Kim Vi Inox Import Export,950608,Kim Vi Inox Import Export,2.13M,346.50B,279.73B,,0.73,"('624',)"
Soc Son Development Investment JSC,953130,Soc Son Development Invest,"2,756,547.77",87.04B,,,0.58,"('624',)"
Louis Land JSC,953719,Louis Land JSC,3.58M,819.06B,435.65B,7.51,0.97,"('624',)"
CEO Group JSC,953720,CEO Group JSC,6.73M,10.09T,"1,048.30B",,1.15,"('624',)"
Central Hydropower JSC,953721,Central Hydropower JSC,33.84K,3.20T,788.66B,10.83,0.25,"('624',)"
Ducgiang Chemicals & Detergent Powder Joint Co,953722,Ducgiang Chemicals Detergent Powder,1.42M,26.77T,"7,678.09B",21.29,1.02,"('624',)"
Vietnam Enterprise Investment and Development JSC,953936,Vietnam Enterprise Investment Dev,990.92K,183.61B,253.22B,,0.54,"('624',)"
Mineral Ferrous Metallergy JSC,955801,Mineral Ferrous Metallergy JSC,"991,893.00",62.11B,,,0.3,"('624',)"
Danang Airport Services JSC,955802,Danang Airport Services JSC,0.60K,178.82B,61.18B,,1.14,"('624',)"
NHP Production Import Export JSC,955804,NHP Production Import Export JSC,"1,754,927.00",96.52B,,,0.95,"('624',)"
SouthEast Petrovietnam Fertilizer and Chemicals JSC,955805,SouthEast Petrovietnam Fertil Chem,59.15K,231.25B,"2,853.39B",8.74,0.28,"('624',)"
PetroVietnam Coating JSC,955806,PetroVietnam Coating JSC,266.58K,349.92B,55.68B,,1.61,"('624',)"
Song Da Thanh Hoa JSC,955807,Song Da Thanh Hoa JSC,0.98K,44.55B,277.81B,15.59,,"('624',)"
Tri Viet Management Investment Corp,955808,Tri Viet Management Investment Corp,3.74M,1.98T,347.03B,3.53,0.59,"('624',)"
Visaco Mineral and Investment JSC,955809,Visaco Mineral and Investment JSC,"278,350.92",36.13B,,,,"('624',)"
South Books & Educational Equipment JSC,955957,South Books Educational Equipment,4.08K,57.88B,443.71B,9.36,0.11,"('624',)"
Mekong Fisheries JSC,958375,Mekong Fisheries JSC,19.09K,129.59B,114.93B,,0.21,"('624',)"
Agriculture Bank Insurance JSC,958376,Agriculture Bank Insurance,"93,992.11",2.33T,"1,775.43B",6.41,0.56,"('624',)"
Bentre Aquaproduct Import and Export JSC,958377,Bentre Aquaproduct Import and Export JSC,4.11K,408.15B,288.34B,14.31,0.1,"('624',)"
ACC Binh Duong Investment and Construction JSC,958378,ACC Binh Duong Investment and Construction JSC,111.74K,759.00B,449.62B,4.66,0.3,"('624',)"
An Giang Centrifugal Concrete JSC,958379,An Giang Centrifugal Concrete JSC,"3,225.61",111.66B,,,0.44,"('624',)"
Cuulong Fish JSC,958380,Cuulong Fish JSC,191.21K,812.58B,"1,504.00B",14.36,0.37,"('624',)"
A Cuong Mineral Group JSC,958381,A Cuong Mineral Group JSC,4.24M,168.30B,,,0.75,"('624',)"
Angiang Fisheries Import & Export JSC,958382,Angiang Fisheries Import & Export,"106,753.69",129.30B,"1,185.57B",,0.38,"('624',)"
An Giang Import Export Co,958383,An Giang Import Export Co,55.08K,718.90B,"2,783.00B",22.77,0.6,"('624',)"
AgriBank Securities JSC,958384,AgriBank Securities JSC,3.12M,5.09T,328.66B,10.15,1.5,"('624',)"
FLC Stone Mining and Investment JSC,958385,FLC Stone Mining and Investment JSC,5.59M,1.05T,"1,195.30B",18.01,0.02,"('624',)"
Nam Viet Corp,958386,Nam Viet Corp,852.03K,4.39T,"3,371.14B",19.05,1.41,"('624',)"
An Phu Irradiation JSC,958387,An Phu Irradiation JSC,56.99K,503.60B,132.83B,19.84,1.01,"('624',)"
Sao Mai Group Corp,958388,Sao Mai Group Corp,5.09M,4.93T,"12,291.72B",11.73,1.13,"('624',)"
An Pha Petroleum Group JSC,958389,An Pha Petroleum Group JSC,694.22K,492.88B,"3,153.64B",6.02,0.57,"('624',)"
NTACO Corp,958390,NTACO,"778,046.31",58.80B,,,-0.05,"('624',)"
Anvifish JSC,958391,Anvifish JSC,"3,459,119.08",112.68B,7.53B,,0.18,"('624',)"
Bibica Corp,958392,Bibica Corp,2.06K,994.64B,"1,484.84B",9.74,0.61,"('624',)"
Binh Duong Construction & Civil Engineering JSC,958393,Binh Duong Construction Civil Eng,831.60K,581.00B,278.60B,9.79,0.73,"('624',)"
BIDV Insurance Corp,958397,BIDV Insurance Corp,133.49K,3.38T,"2,055.92B",10.68,0.37,"('624',)"
Joint Stock Commercial Bank for Investment and Development of Vietnam,958398,Bank for Investment and Development,1.94M,169.13T,"123,427.63B",15.42,1.39,"('624',)"
Binh Dinh Minerals JSC,958399,Binh Dinh Minerals JSC,251.43K,335.84B,217.24B,16.04,0.77,"('624',)"
BaoMinh Insurance Corp,958400,BaoMinh Insurance Corp,963.56K,4.55T,"3,744.32B",17.94,1.24,"('624',)"
Becamex Mineral JSC,958401,Becamex Mineral JSC,"1,074.49",621.00B,,,0.06,"('624',)"
Binh Minh Plastics JSC,958402,Binh Minh Plastics JSC,89.56K,4.54T,"5,586.49B",8.85,0.88,"('624',)"
Ben Thanh Rubber JSC,958403,Ben Thanh Rubber JSC,8.20K,200.47B,328.69B,7.85,0.23,"('624',)"
BIDV Securities JSC,958404,BIDV Securities JSC,1.11M,5.07T,"1,164.50B",12.41,0.79,"('624',)"
Beton 6 Corp,958405,Beton 6,"72,312.15",233.63B,48.22B,,0.22,"('624',)"
Ba Ria Thermal Power JSC,958406,Ba Ria Thermal Power JSC,30.33K,1.02T,868.98B,24.65,0.62,"('624',)"
Ben Thanh Trading Service JSC,958407,Ben Thanh Trading Service JSC,0.57K,573.75B,180.36B,92.28,0.2,"('624',)"
Ben Thanh Water Supply JSC,958408,Ben Thanh Water,2.88K,309.82B,419.68B,10.29,0.37,"('624',)"
BaoViet Holdings,958409,BaoViet Holdings,1.54M,42.91T,"37,606.61B",23.1,1.29,"('624',)"
Vietnam Cotton JSC,958410,Vietnam Cotton JSC,576.47,56.50B,,,,"('624',)"
Century 21 JSC,958411,Century 21,"31,894.57",344.19B,57.48B,130.14,0.6,"('624',)"
CIC39 Corp,958412,CIC39,373.39K,451.66B,506.71B,9.2,0.77,"('624',)"
Construction JSC 47,958413,Construction JSC 47,483.14K,503.81B,934.24B,10.13,0.69,"('624',)"
Cadovimex Seafood Import Export and Processing JSC,958414,Cadovimex Seafood Import Export,"304,576.31",52.00B,,,-0.29,"('624',)"
Vietnam Electric Cable Corp,958415,Vietnam Electric Cable Corp,2.82K,3.46T,"10,540.57B",10.07,0.16,"('624',)"
CuChi Commercial and Industrial Developing Investment JSC,958416,CuChi Commercial and Industrial Dev,4.37K,423.62B,283.00B,13.46,0.48,"('624',)"
Cuu Long Petro Urban Development and Investment Corp,958417,Cuu Long Petro Urban Development,1.32M,771.87B,"1,254.06B",8.46,1.42,"('624',)"
Chuong Duong Corp,958418,Chuong Duong Corp,15.74K,369.41B,504.58B,13.28,0.37,"('624',)"
Consultancy Design and Urban Development JSC,958419,Consultancy Design Urban,"1,452,479.44",220.53B,10.17B,,0.81,"('624',)"
COMA 18 JSC,958420,COMA 18 JSC,164.71K,380.06B,35.18B,,-0.16,"('624',)"
Ho Chi Minh City Infrastructure Investment JSC,958421,Ho Chi Minh City Infrastructure Inv,5.99M,6.12T,"6,210.86B",241.25,0.65,"('624',)"
Cat Loi JSC,958422,Cat Loi JSC,19.46K,990.65B,"2,017.03B",7.75,0.46,"('624',)"
Cotec Investment and Land House Development JSC,958423,Cotec Investment and Land House Development JSC,"678,982.54",78.26B,,,0.22,"('624',)"
Cat Lai Port JSC,958424,Cat Lai Port JSC,37.42K,1.14T,356.65B,13.81,0.04,"('624',)"
Cho Lon Water Supply JSC,958425,Cho Lon Water Supply JSC,0.98K,429.00B,"1,169.42B",20.33,0.08,"('624',)"
CMC Corp,958426,CMC Corp,89.24K,6.01T,"6,481.98B",31.22,1.19,"('624',)"
Camau Trading JSC,958428,Camau Trading JSC,2.21K,285.05B,"3,851.90B",8.13,-0.96,"('624',)"
Camimex Group JSC,958429,Camimex JSC,1.49M,1.78T,"1,741.86B",8.28,0.3,"('624',)"
Traphaco High Tech JSC,958430,Traphaco High Tech JSC,"5,146.72",340.93B,,11.31,0.37,"('624',)"
CNG Vietnam JSC,958431,CNG Vietnam JSC,518.54K,769.49B,"2,849.29B",11.76,0.38,"('624',)"
Materials Petroleum JSC,958432,Materials Petroleum JSC,0.67K,590.24B,"2,620.94B",11.24,0.05,"('624',)"
Southern Rubber Industry JSC,958433,Southern Rubber Industry JSC,142.27K,1.90T,"4,710.58B",19.78,0.29,"('624',)"
South Basic Chemicals JSC,958434,South Basic Chemicals JSC,975.80K,1.94T,"1,368.35B",13.76,0.61,"('624',)"
Project 3 Construction Investment JSC,958435,Project 3 Construction Investment,186.14,64.80B,,,-1.06,"('624',)"
Cotec Construction JSC,958436,Cotec Construction JSC,484.96K,5.69T,"10,446.80B",34.63,0.98,"('624',)"
Vietnam JSCmmercial Bank for Industry and Trade,958437,Vietnam Joint Stock Commercial Bank,10.78M,156.19T,"50,476.36B",9.22,1.41,"('624',)"
CuongThuan Idico Development Investment Corp,958438,CuongThuan Idico Development Invest,1.48M,1.15T,926.74B,13.45,0.56,"('624',)"
Vinacomin Machinery JSC,958439,Vinacomin Machinery JSC,3.42K,60.13B,"1,864.14B",6.14,0.06,"('624',)"
Chang Yih Ceramic JSC,958440,Chang Yih Ceramic,"37,893.25",48.85B,,,0.84,"('624',)"
Industrial Urban Development JSC No 2,958441,Industrial Urban Development JSC,347.25K,1.76T,576.31B,6.98,1.13,"('624',)"
Dong A Plastic Group JSC,958442,Dong A Plastic Group JSC,1.30M,839.83B,"2,147.09B",260.35,0.28,"('624',)"
Daklak Pharmaceutical Medical Equipment JSC,958443,Daklak Pharmaceutical Medical Equip,919.32,60.19B,,9.86,0.18,"('624',)"
Cuu Long Pharmaceutical JSC,958444,Cuu Long Pharmaceutical,229.40K,2.31T,698.73B,33.11,0.76,"('624',)"
Danang Pharmaceutical Medical Equipment JSC,958445,Danang Pharmaceutical Medical Equip,"85,771.08",259.68B,"1,669.45B",18.59,0.31,"('624',)"
DAP VINACHEM JSC,958446,DAP VINACHEM JSC,"2,081,552.00",3.87T,"2,868.29B",17.01,0.1,"('624',)"
Hoa An JSC,958447,Hoa An JSC,131.66K,758.39B,409.26B,8.47,0.42,"('624',)"
Dong Hai JSC of Bentre,958448,Dong Hai JSC of Bentre,544.60K,6.19T,"3,664.50B",12.42,0.71,"('624',)"
DHG Pharmaceutical JSC,958449,DHG Pharmaceutical JSC,33.75K,15.30T,"4,121.50B",19.1,0.62,"('624',)"
Duong Hieu Trading and Mining JSC,958450,Duong Hieu Trading and Mining,387.73K,383.03B,"1,300.77B",,0.1,"('624',)"
DIC Investment and Trading JSC,958451,DIC Investment and Trading JSC,"1,222,882.69",151.29B,"1,939.88B",,1.01,"('624',)"
Development Investment Construction JSC,958452,Development Investment Construction,8.39M,32.84T,"2,776.97B",14.89,1.05,"('624',)"
Duc Long Gia Lai Group JSC,958453,Duc Long Gia Lai Group JSC,12.81M,2.07T,"2,122.51B",,0.81,"('624',)"
DOMESCO Medical Import Export JSC,958454,DOMESCO Medical Import Export,54.53K,1.87T,"1,484.88B",15.77,0.89,"('624',)"
Da Nang Logistics JSC,958456,Da Nang Logistics JSC,356.62,86.20B,,24447.19,0.09,"('624',)"
Central Pharmaceutical JSC No3,958458,Central Pharmaceutical JSC No3,1.34K,967.50B,377.54B,9.67,0.35,"('624',)"
PetroVietnam Fertilizer and Chemicals Corp,958459,PetroVietnam Fertilizer Chemical,6.50M,18.04T,"9,629.82B",13.58,0.68,"('624',)"
Dong Phu Rubber JSC,958460,Dong Phu Rubber JSC,285.12K,3.34T,"1,232.23B",15.59,0.29,"('624',)"
Dien Quang JSC,958461,Dien Quang JSC,125.39K,706.86B,772.82B,29.45,0.15,"('624',)"
Danang Rubber JSC,958462,Danang Rubber JSC,2.10M,4.00T,"4,154.15B",12.66,1.25,"('624',)"
DRH Holdings JSC,958463,DRH Holdings JSC,2.96M,1.21T,26.19B,28.22,1.41,"('624',)"
Dam Sen Water Park Corp,958464,Dam Sen Water Park Corp,28.63K,537.69B,46.76B,12.23,0.36,"('624',)"
De Tam JSC,958465,De Tam JSC,165.29K,409.96B,59.40B,64.08,0.96,"('624',)"
Viglacera Dong Trieu JSC,958466,Viglacera Dong Trieu JSC,"12,134.92",120.00B,291.59B,17.78,-0.11,"('624',)"
Dai Thien Loc Corp,958467,Dai Thien Loc Corp,1.51K,2.07T,"1,935.67B",17.75,-0.14,"('624',)"
Dinhvu Port Investment Development JSC,958468,Dinhvu Port Investment Development,90.40K,2.38T,594.66B,10.24,0.6,"('624',)"
Dat Xanh Real Estate Service Contructions Corp,958469,Dat Xanh Real Estate Service Contr,9.38M,18.42T,"4,764.51B",,1.39,"('624',)"
Lang Son Tourism and Import Export JSC,958470,Lang Son Tourism and Import Export,290.91,23.35B,,,,"('624',)"
Da Nang Construction Building Materials Vicem JSC,958471,Da Nang Construction Building Mater,98.44K,73.26B,189.01B,,0.23,"('624',)"
Vietnam Export Import Commercial Joint Stock Bank,958472,Vietnam Export Import Commercial,559.64K,31.10T,"5,744.81B",28.68,0.65,"('624',)"
Electronics Communications Technology Investment Development Corp,958473,Electronics Communications Tech,769.16K,1.26T,993.06B,27.77,1.12,"('624',)"
ThuDuc Electro Mechanical JSC,958474,ThuDuc Electro Mechanical JSC,2.73K,258.52B,598.26B,170.6,0.56,"('624',)"
Everpia Vietnam JSC,958475,Everpia Vietnam JSC,170.37K,660.13B,885.38B,18.32,0.72,"('624',)"
FBA International Group Corp,958476,FBA International Group Corp,2.30K,3.07B,,,,"('624',)"
Fecon Mining JSC,958477,Fecon Mining JSC,680.17K,401.80B,718.67B,17.23,0.5,"('624',)"
Fecon Foundation Engineering and Underground Construction JSC,958478,Fecon Foundation Engineering,5.49M,2.99T,"3,346.47B",11.69,1.18,"('624',)"
Foreign Trade Development and Investment Corp of Ho Chi Minh City,958479,Foreign Trade Development Invest,22.89K,602.63B,189.51B,,0.79,"('624',)"
FLC Group JSC,958480,FLC Group JSC,21.94M,10.54T,"9,179.39B",4.15,0.87,"('624',)"
Sao Ta Foods JSC,958481,Sao Ta Foods JSC,299.20K,3.00T,"4,964.11B",10.35,1.26,"('624',)"
FPT Corp,958482,FPT Corp,2.10M,86.21T,"32,447.87B",25.3,0.93,"('624',)"
Petrovietnam Gas JSC,958483,Petrovietnam Gas JSCrp,1.64M,180.87T,"74,324.73B",21.24,1.33,"('624',)"
Duc Thanh Wood Processing JSC,958484,Duc Thanh Wood Processing,67.26K,1.11T,371.27B,11.86,0.64,"('624',)"
Gia Lai Hydropower JSC,958485,Gia Lai Hydropower JSC,"76,264.08",953.25B,302.35B,9.03,0.24,"('624',)"
Binh Thanh Import Export Production and Trade JSC,958486,Binh Thanh Import Export Production,568.99K,2.66T,"3,940.65B",6.32,1.01,"('624',)"
Saigon Garment Manufacturing Trade JSC,958487,Saigon Garment Manufacturing Trade,7.89K,930.61B,"1,160.17B",15.41,1,"('624',)"
Gemadept Corp,958488,Gemadept Corp,3.42M,14.56T,"2,872.71B",39.05,0.92,"('624',)"
Huong Son Hydro Power JSC,958489,Huong Son Hydro Power JSC,"14,767.97",394.16B,152.97B,6.86,0.24,"('624',)"
International Gas Product Shipping JSC,958490,International Gas Product Shipping,610.54K,554.40B,"1,602.36B",9.19,0.21,"('624',)"
Thuan An Wood Processing JSC,958491,Thuan An Wood Processing,42.35K,166.13B,516.92B,7.3,0.36,"('624',)"
GTNFoods JSC,958492,GTNFoods JSC,1.34M,4.93T,"2,890.66B",49.02,0.58,"('624',)"
Thuan Thao Corp,958493,Thuan Thao Corp,"2,220,693.62",100.06B,2.77B,,0.77,"('624',)"
Hoang Anh Gia Lai JSC,958494,Hoang Anh Gia Lai JSC,15.73M,8.14T,"2,369.75B",,1.14,"('624',)"
Hai An Transport and Stevedoring JSC,958495,Hai An Transport and Stevedoring,1.78M,3.18T,"1,645.60B",14.52,0.72,"('624',)"
HAI Agrochem JSC,958496,HAI Agrochem JSC,5.92M,1.26T,484.90B,83.03,0.34,"('624',)"
Hapaco Group JSC,958497,Hapaco Group JSC,1.08M,887.24B,444.78B,18.04,1.09,"('624',)"
An Duong Thao Dien Real estate Trading Investment JSC,958498,An Duong Thao Dien Real estate Trad,2.37M,882.18B,180.89B,195.75,1.18,"('624',)"
Hacisco JSC,958499,Hacisco JSC,5.16K,92.82B,207.59B,21.69,0.49,"('624',)"
Hang Xanh Motors Service JSC,958500,Hang Xanh Motors Service JSC,1.04M,1.43T,"6,650.30B",6.06,1.13,"('624',)"
Hoa Binh Construction & Real Estate Corp,958501,Hoa Binh Construction & Real Estate,9.20M,5.73T,"12,978.61B",43.52,1.31,"('624',)"
Ho Chi Minh City Securities Corp,958502,Ho Chi Minh City Securities Corp,5.55M,13.24T,"4,186.02B",18.94,1.89,"('624',)"
Ba Ria Vung Tau House Development JSC,958503,Ba Ria Vung Tau House Development,747.30K,8.38T,"1,206.30B",16.51,0.8,"('624',)"
Ha Do Group JSC,958504,Ha Do Group JSC,1.53M,12.26T,"3,622.62B",13.72,1.49,"('624',)"
Hue Textile Garment JSC,958505,Hue Textile Garment JSC,"2,290.00",230.00B,,,0.69,"('624',)"
Hoang Huy Investment Services JSC,958507,Hoang Huy Investment Services,5.31M,2.94T,511.49B,8.82,0.8,"('624',)"
HIPT Group JSC,958508,HIPT Group JSC,"18,566.56",226.81B,621.98B,,0.76,"('624',)"
Huu Lien Asia Corp,958509,Huu Lien Asia Corp,"1,188,256.38",89.55B,2.37B,,0.35,"('624',)"
HOANG LONG Group,958510,HOANG LONG Group,10.46K,291.89B,"2,546.30B",,0.43,"('624',)"
Hochiminh City Metal Corp,958511,Hochiminh City Metal Corp,291.38K,525.00B,"3,911.08B",4,0.51,"('624',)"
Hoang Anh Gia Lai Agricultural JSC,958512,Hoang Anh Gia Lai Agricultural JSC,8.16M,9.53T,"1,721.59B",,0.65,"('624',)"
Dak Doa Hydropower JSC,958513,Dak Doa Hydropower JSC,"5,798.60",179.42B,,9.89,-0.19,"('624',)"
Hoa Phat Group JSC,958514,Hoa Phat Group JSC,27.25M,207.77T,"130,747.09B",8.02,1.27,"('624',)"
Hai Phong Paint JSC,958515,Hai Phong Paint JSC,"29,953.63",580.32B,,,0.34,"('624',)"
Hoang Quan Consulting Trading Service Real Estate Corp,958516,Hoang Quan Consulting Trading Serv,21.26M,3.06T,283.70B,225.31,0.43,"('624',)"
Hoa Binh Rubber JSC,958517,Hoa Binh Rubber JSC,1.53K,1.60T,191.73B,233.61,-0.17,"('624',)"
Hoasen Group,958518,Hoasen Group,10.68M,17.62T,"41,271.40B",5.15,1.85,"('624',)"
General Materials Biochemistry Fertilizer JSC,958519,General Materials Biochemistry Fert,"134,279.77",30.65B,,,0.48,"('624',)"
Ha Tien 1 Cement JSC,958520,Ha Tien 1 Cement JSC,4.02M,9.90T,"7,251.93B",13.61,1.12,"('624',)"
Idico Infrastructure Development Investment JSC,958521,Idico Infrastructure Development,130.24K,496.49B,326.40B,6.61,0.32,"('624',)"
Truong Long Engineering and Auto JSC,958522,Truong Long Engineering and Auto,3.99K,275.40B,"1,072.85B",8.21,0.3,"('624',)"
Logistics Vicem JSC,958523,Logistics Vicem JSC,26.46K,191.97B,300.85B,9.41,0.16,"('624',)"
HUD1 Investment and Construction JSC,958524,HUD1 Investment and Construction,24.45K,135.00B,979.38B,26.91,0.19,"('624',)"
HUD3 Investment and Construction JSC,958525,HUD3 Investment and Construction,43.40K,95.20B,130.00B,17.67,0.34,"('624',)"
Hung Viet Green Agriculture JSC,958526,Hung Viet Green Agriculture JSC,"61,055.86",47.46B,119.31B,25.25,1.02,"('624',)"
Hung Vuong Corp,958527,Hung Vuong Corp,"6,522,670.77",976.26B,,,0.52,"('624',)"
Vicem Hai Van Cement JSC,958528,Vicem Hai Van Cement JSC,151.20K,336.35B,624.33B,76.85,0.22,"('624',)"
Investment Commerce Fisheries Corp,958529,Invest Commerce Fisheries,"141,084.92",11.53B,91.64B,77.21,-0.13,"('624',)"
International Development & Investment Corp,958530,International Development & Investm,5.13M,3.77T,"6,229.22B",15.68,1.56,"('624',)"
Becamex Infrastructure Development JSC,958531,Becamex Infrastructure Development,7.12M,6.49T,"2,641.08B",7.96,1.57,"('624',)"
Imexpharm Corp,958532,Imexpharm Corp,14.21K,5.16T,"1,357.09B",25.76,0.65,"('624',)"
No 4 Printing JSC,958533,No 4 Printing JSC,100.00,120.00B,,30.01,,"('624',)"
Tan Tao Investment and Industry Corp,958534,Tan Tao Investment and Industry,17.20M,13.04T,942.38B,40.66,1.08,"('624',)"
Investment and Trading of Real Estate JSC,958535,Investment Trading of Real Estate,2.05M,1.93T,946.74B,6.63,0.38,"('624',)"
Innovative Technology Development Corp,958536,Innovative Technology Development,688.18K,343.77B,506.30B,9.9,0.24,"('624',)"
Japan Vietnam Medical Instrument JSC,958537,Japan Vietnam Medical Instrument JSC,4.41M,1.01T,414.70B,,1.17,"('624',)"
Khang An Investment Real Estate JSC,958538,Khang An Investment Real Estate,0.63K,352.80B,,,,"('624',)"
Kinh Bac City Development Share Holding Corp,958539,Kinh Bac City Development Share,11.85M,28.54T,"4,297.98B",24.75,0.76,"('624',)"
Kido Group Corp,958540,Kido,2.08M,14.22T,"9,786.07B",27.22,1.17,"('624',)"
Khang Dien House Trading and Investment JSC,958541,Khang Dien House Trading Invest,2.78M,28.00T,"4,438.77B",20.46,0.74,"('624',)"
Khanh Hoi Investment and Services Corp,958542,Khanh Hoi Invest,"5,281.62",415.97B,55.20B,13.76,0.02,"('624',)"
Khanh Hoa Power JSC,958543,Khanh Hoa Power JSC,656.52K,1.09T,"4,376.79B",0.18,0.12,"('624',)"
Mirae JSC,958544,Mirae JSC,877.04K,517.59B,459.31B,36.03,0.92,"('624',)"
Binh Duong Mineral and Construction JSC,958546,Binh Duong Mineral and Construction,2.35M,2.68T,"1,074.97B",9.94,1.44,"('624',)"
Damac GLS JSC,958547,Damac,4.47M,23.00B,,,0.58,"('624',)"
Lilama 10 JSC,958550,Lilama 10 JSC,1.90K,291.74B,"1,220.97B",8.84,0.46,"('624',)"
Long An Food Processing Export JSC,958551,Long An Food Processing Export JSC,6.28K,354.95B,369.42B,7.06,0.45,"('624',)"
Lam Dong Mineral and Building Material JSC,958552,Lam Dong Mineral and Building Mater,9.94K,828.00B,918.19B,8.99,0.37,"('624',)"
Licogi 16 JSC,958553,Licogi 16 JSC,6.82M,3.50T,"3,382.66B",6.17,1.4,"('624',)"
Lao Cai Mineral Exploitation and Processing JSC,958554,Lao Cai Mineral Exploitation,358.40K,125.63B,25.39B,7470.42,0.39,"('624',)"
CII Bridges and Roads Investment JSC,958555,CII Bridges and Roads Investment,0.82K,9.63T,892.88B,37.65,-0.14,"('624',)"
Long Giang Investment and Urban Development JSC,958556,Long Giang Investment and Urban Dev,638.01K,538.14B,168.51B,108.75,1.01,"('624',)"
Long Hau Corp,958557,Long Hau Corp,476.88K,2.38T,921.75B,8.05,1.2,"('624',)"
Lix Detergent JSC,958558,Lix Detergent JSC,14.76K,1.62T,"2,589.51B",9.77,0.52,"('624',)"
Lilama 18 JSC,958559,Lilama 18 JSC,28.30K,169.00B,"1,427.91B",10.16,-0.2,"('624',)"
Lam Son Sugar JSC,958560,Lam Son Sugar JSC,1.52M,1.07T,"1,999.06B",40.9,0.66,"('624',)"
Military Commercial Joint Stock Bank,958561,Military Commercial Bank,12.53M,104.66T,"28,185.23B",10.1,1.25,"('624',)"
MCG Energy and Real Estate JSC,958562,MCG Energy and Real Estate JSC,886.42K,614.19B,173.05B,,0.37,"('624',)"
My Chau Printing & Packaging Holdings Co,958563,My Chau Printing & Packaging Holdin,2.01K,528.35B,492.53B,20.76,0.03,"('624',)"
Mien Dong JSC,958564,Mien Dong JSC,9.49K,126.99B,221.33B,13.31,0.29,"('624',)"
MHC JSC,958565,MHC JSC,2.44M,567.28B,23.44B,,0.65,"('624',)"
Masan Group Corp,958566,Masan Group Corp,1.21M,177.67T,"86,400.50B",74.64,0.79,"('624',)"
MT Gas JSC,958567,MT Gas JSC,"53,732.48",49.14B,,,0.25,"('624',)"
Ha Dong Environment Public Service JSC,958568,Ha Dong Environment Public Service,515.38,67.51B,,,1.57,"('624',)"
Medipharco Tenamyd Central Pharmaceutical JSC,958569,Medipharco Tenamyd Central Pharmace,"4,108.63",85.72B,,14.36,,"('624',)"
Mobile World Investment Corp,958570,Mobile World Investment Corp,1.45M,93.66T,"114,013.47B",20.83,0.99,"('624',)"
Nam Viet JSC,958571,Nam Viet JSC,4.32K,168.00B,43.49B,7,-0.27,"('624',)"
577 Investment Corp,958572,577 Investment,1.16M,3.69T,"2,318.28B",9.78,0.29,"('624',)"
NoiBai Cargo Terminal Services JSC,958575,NoiBai Cargo Terminal Services JSC,22.96K,2.15T,720.44B,9.58,0.63,"('624',)"
Nam Duoc JSC,958576,Nam Duoc JSC,"4,203.92",715.68B,,,0.31,"('624',)"
Nam Kim Steel JSC,958578,Nam Kim Steel JSC,8.32M,8.41T,"22,811.58B",5.79,1.84,"('624',)"
Nam Long Investment Corp,958579,Nam Long Investment Corp,4.77M,20.38T,"1,705.93B",12.21,0.78,"('624',)"
Nui Nho Stone JSC,958581,Nui Nho Stone JSC,95.11K,587.46B,226.12B,7.32,0.16,"('624',)"
Northern Shipping JSC,958582,Northern Shipping JSC,"51,716.69",58.58B,230.30B,,-0.39,"('624',)"
Vietnam National Seed Group JSC,958583,Vietnam National Seed Group JSC,13.51K,1.37T,"1,739.08B",6.66,0.28,"('624',)"
PetroVietnam Power Nhon Trach 2 JSC,958584,PetroVietnam Power Nhon Trach 2 JSC,1.13M,6.28T,"5,845.82B",11.72,0.6,"('624',)"
Transport Engineering Construction and Business Investment JSC 584,958585,Transport Engineering Construction,"727,334.08",103.43B,,,0.73,"('624',)"
Tu Liem Urban Development JSC,958586,Tu Liem Urban Development JSC,1.90M,2.32T,669.30B,7.94,0.54,"('624',)"
Nhon Trach Water Supply JSC,958587,Nhon Trach Water Supply JSC,"2,802.85",192.00B,,,0.31,"('624',)"
Ninh Van Bay Travel Real Estate JSC,958588,Ninh Van Bay Travel Real Estate,34.28K,1.05T,135.71B,1186.12,1.22,"('624',)"
Ocean Group JSC,958589,Ocean Group JSC,1.80M,2.54T,711.11B,,1.32,"('624',)"
OPC Pharmaceutical JSC,958590,OPC Pharmaceutical JSC,17.18K,1.51T,"1,062.75B",14.49,0.04,"('624',)"
Dry Cell and Storage Battery JSC,958591,Dry Cell and Storage Battery,16.58K,1.76T,"2,906.58B",11.29,0.79,"('624',)"
PAN Group JSC,958592,PAN Group JSC,5.47M,7.79T,"9,054.68B",38.2,1.01,"('624',)"
Central PetroVietnam Fertilizer and Chemicals JSC,958593,Central PetroVietnam Fertilizer and,23.01K,221.00B,"2,389.35B",8.89,-0.23,"('624',)"
Din Capital Investment Group JSC,958594,Din Capital Investment,143.59K,204.93B,429.77B,36.18,0.34,"('624',)"
Dong Nai Port JSC,958595,Dong Nai Port JSC,1.54K,1.75T,913.63B,11.75,0.16,"('624',)"
Phat Dat Real Estate Development Corp,958596,Phat Dat Real Estate Development,4.16M,47.40T,"3,804.89B",29.51,0.73,"('624',)"
PetroVietnam General Services Corp,958597,PetroVietnam General Services Corp,2.53M,2.74T,"15,707.54B",15.22,0.76,"('624',)"
Petrolimex Gas Corp JSC,958598,Petrolimex Gas Corp JSC,227.76K,1.30T,"4,805.67B",9.89,0.65,"('624',)"
Petrovietnam Low Pressure Gas Distribution JSC,958599,Petrovietnam Low Pressure Gas Distr,25.14K,2.94T,"8,711.64B",14.59,0.57,"('624',)"
Petrolimex Insurance Corp,958600,Petrolimex Insurance Corp,86.15K,2.65T,"3,010.62B",11.06,0.14,"('624',)"
Port of Hai Phong JSC,958601,Port of Hai Phong JSC,262.05K,8.66T,"2,222.13B",16.59,0.32,"('624',)"
Phuoc Hoa Rubber JSC,958602,Phuoc Hoa Rubber JSC,934.05K,8.88T,"1,893.99B",14.97,0.91,"('624',)"
Petrolimex International Trading JSC,958603,Petrolimex International Trading,30.99K,117.66B,842.20B,82.56,0.22,"('624',)"
Phu Hoa Tan Water Supply JSC,958604,Phu Hoa Tan Water Supply,"1,044.48",165.60B,,,-0.12,"('624',)"
Petrolimex Joint Stock Tanker Co,958605,Petrolimex Joint Stock Tanker Co,24.93K,278.79B,598.22B,8.24,0.19,"('624',)"
Phuong Nam Cultural JSC,958606,Phuong Nam Cultural Joint Stock,1.88K,116.63B,597.14B,8.64,0.18,"('624',)"
Phu Nhuan Jewelry JSC,958607,Phu Nhuan Jewelry JSC,670.44K,20.92T,"18,356.87B",15.77,1.19,"('624',)"
Pomina Steel Corp,958608,Pomina Steel Corp,467.75K,4.00T,"10,992.61B",25.36,1.33,"('624',)"
Vung Ang Petroleum JSC,958609,Vung Ang Petroleum JSC,"11,216.16",158.75B,"1,705.20B",8.74,0.21,"('624',)"
Pha Lai Thermal Power JSC,958610,Pha Lai Thermal Power JSC,377.63K,7.25T,"5,727.16B",8.61,0.52,"('624',)"
Procimex Vietnam JSC,958612,Procimex Vietnam JSC,"4,188.48",,,,,"('624',)"
Sao Mai Ben Dinh Petroleum Investment JSC,958613,Sao Mai Ben Dinh Petroleum Investme,"27,145.09",540.00B,201.29B,520.31,0.46,"('624',)"
Phu Son Livestock JSC,958614,Phu Son Livestock JSC,"13,797.03",259.88B,,,0.42,"('624',)"
Dinh Vu Petroleum Service Port JSC,958615,Dinh Vu Petroleum Service Port JSC,"146,812.80",460.00B,243.50B,25.47,0.35,"('624',)"
Phu Tai JSC,958616,Phu Tai JSC,333.05K,4.54T,"6,318.89B",9.26,0.98,"('624',)"
Post and Telecommunications Investment and Construction JSC,958617,Post and Telecommunications Invest,8.09K,415.94B,765.58M,3.16,0.39,"('624',)"
Petro Capital and Infrastructure Investment JSC,958619,Petro Capital and Infrastructure,756.29K,1.31T,79.09B,6380.28,0.01,"('624',)"
Indochina Petroleum Transportation JSC,958620,Indochina Petroleum Transportation,"2,637.26",84.00B,,,0.06,"('624',)"
PetroVietnam Drilling & Well Service Corp,958621,PetroVietnam Drilling Well Services,8.67M,11.50T,"4,030.34B",,1.76,"('624',)"
PetroVietnam Transportation Corp,958622,PetroVietnam Transportation Corp,5.34M,7.28T,"11,030.96B",10.78,1.26,"('624',)"
Petroleum Industrial and Civil Construction JSC,958623,Petroleum Industrial and Civil Cons,545.99K,183.00B,-33.61B,,0.33,"('624',)"
Idico-Petroleum Trading Construction Investment JSC,958624,Idico Petroleum Trading Constructio,"1,229,555.77",1.47T,3.90B,168,0.63,"('624',)"
Mientrung Petroleum Construction JSC,958625,Mientrung Petroleum Construction,"225,327.62",39.00B,1.50B,,-0.57,"('624',)"
Petroleum Equipment Assembly and Metal Structure JSC,958626,Petroleum Equipment Assembly,1.04M,510.00B,"1,259.09B",89.3,1.45,"('624',)"
Petroleum Pipeline Tank Construction JSC,958627,Petroleum Pipeline Tank Construction JSC,"623,244.38",122.00B,51.56B,,0.4,"('624',)"
Quang Binh Import and Export JSC,958628,Quang Binh Import and Export JSC,3.22M,454.11B,760.66B,,0.75,"('624',)"
Quoc Cuong Gia Lai JSC,958629,Quoc Cuong Gia Lai JSC,1.19M,3.25T,"1,073.76B",31.94,0.75,"('624',)"
Rangdong Light source and Vacuum flask JSC,958630,Rangdong Light source and Vacuum,21.01K,2.12T,"5,313.19B",5.2,0.79,"('624',)"
Rubber Real Estate Construction JSC,958631,Rubber Real Estate Construction,"23,351.46",,,,,"('624',)"
RangDong Plastic JSC,958632,RangDong Plastic JSC,165.65K,633.62B,"3,391.43B",28.14,0.62,"('624',)"
Refrigeration Electrical Engineering Corp,958633,Refrigeration Electrical Engineerin,757.05K,20.27T,"6,760.62B",11.46,0.69,"('624',)"
Royal International Corp,958634,Royal International Corp,16.15K,1.34T,136.10B,,0.06,"('624',)"
Song Da 27 JSC,958635,Song Da 27 JSC,"7,053.85",8.02B,,,,"('624',)"
Sam Holdings Corp,958636,Sam Holdings,2.32M,6.39T,"2,314.02B",27.94,0.14,"('624',)"
Southern Airports Services JSC,958637,Southern Airports Services JSC,"15,386.98",3.60T,537.26B,45.81,0.66,"('624',)"
Savimex Corp,958638,Savimex Corp,109.84K,421.85B,964.16B,6.97,0.68,"('624',)"
Song Ba JSC,958639,Song Ba JSC,38.87K,1.19T,332.43B,7.85,0.32,"('624',)"
Sacombank Securities JSC,958640,Sacombank Securities JSC,"5,024,675.98",2.15T,185.57B,207.81,2.36,"('624',)"
Thanh Thanh Cong Tay Ninh JSC,958641,Thanh Thanh Cong Tay Ninh,6.32M,14.44T,"18,581.20B",27.56,0.88,"('624',)"
Construction JSC No5,958642,Construction JSC No5,3.75K,341.62B,"2,121.56B",7.26,-0.14,"('624',)"
Chuong Duong Beverages JSC,958643,Chuong Duong Beverages JSC,12.02K,166.59B,175.20B,,-0.11,"('624',)"
SCI E&C JSC,958644,SCI E C JSC,415.73K,945.25B,"9,161.05B",4.29,1.16,"('624',)"
Song Da 3 JSC,958645,Song Da 3 JSC,"214,122.06",143.99B,217.06B,7.43,-0.16,"('624',)"
Song Da No 25 JSC,958648,Song Da No 25 JSC,"4,935.98",34.32B,,2322.38,,"('624',)"
Mechanical Engineering Metallurgy JSC,958649,Mechanical Engineering Metallurgy,"1,210.98",78.00B,229.24B,6.57,0.47,"('624',)"
Saigon Fuel JSC,958651,Saigon Fuel JSC,4.25K,292.11B,701.52B,10.77,0.36,"('624',)"
Southern Fertilizer JSC,958652,Southern Fertilizer JSC,105.91K,742.41B,"1,519.55B",43.14,0.48,"('624',)"
Sea & Air Freight International,958653,Sea & Air Freight International,18.35K,1.02T,"1,548.88B",6.44,0.37,"('624',)"
Saigon Telecommunication & Technologies Corp,958656,Saigon Telecommunication & Tech,289.56K,2.03T,363.20B,72.76,0.24,"('624',)"
Son Ha International Corp,958657,Son Ha International Corp,855.91K,1.73T,"6,640.15B",20.26,0.29,"('624',)"
Southern Hydropower JSC,958658,Southern Hydropower JSC,17.88K,2.46T,605.13B,22.21,0.12,"('624',)"
Sai Gon Water Infrastructure Corp,958659,Sai Gon Water Infrastructure Corp,1.18K,1.04T,199.65B,,-0.4,"('624',)"
Can Don Hydro Power JSC,958660,Can Don Hydro Power JSC,475.55K,1.48T,251.11B,12.5,0.26,"('624',)"
Song Da Urban & Industrial Zone Investment and Development JSC,958661,Song Da Urban & Industrial Zone Inv,95.78K,8.71T,"1,612.47B",108.99,0.82,"('624',)"
Superdong Fast Ferry Kien Giang JSC,958662,Superdong Fast Ferry Kien Giang JSC,754.05K,1.04T,298.89B,55.17,1.08,"('624',)"
Saigon Machinery Spare Parts JSC,958663,Saigon Machinery Spare Parts JSC,16.31K,236.09B,81.70B,,0.11,"('624',)"
Sai Gon Mien Trung Beer JSC,958664,Sai Gon Mien Trung Beer,22.11K,1.28T,"1,153.12B",8.36,0.36,"('624',)"
SMC Investment Trading JSC,958665,SMC Investment Trading JSC,859.45K,2.56T,"19,640.46B",3.2,0.59,"('624',)"
Nam Can Seaproducts Import Export JSC,958666,Nam Can Seaproducts Import Export,"5,298.58",,,,,"('624',)"
Saigon Plant Protection JSC,958667,Saigon Plant Protection JSC,"3,256.36",224.29B,,20.51,0.44,"('624',)"
Hanoi Seaproducts Import Export JSC,958668,Hanoi Seaproducts Import Export,660.00,,,,,"('624',)"
SPM Corp,958669,SPM Corp,35.66K,277.47B,689.12B,29.8,0.22,"('624',)"
Sao Vang Rubber JSC,958670,Sao Vang Rubber JSC,49.03K,566.88B,"1,414.80B",7.11,0.59,"('624',)"
Searefico Corp,958671,Searefico,11.36K,489.91B,"1,250.67B",9.48,0.11,"('624',)"
Southern Seed Corp,958672,Southern Seed Corp,1.12K,550.78B,324.71B,16.38,0.08,"('624',)"
SaiGon Shoes JSC,958673,SaiGon Shoes JSC,0.10K,8.64B,,,,"('624',)"
SSI Securities Corp,958674,SSI Securities,16.19M,51.01T,"6,194.59B",23.73,1.59,"('624',)"
Sieu Thanh JSC,958675,Sieu Thanh JSC,6.76K,295.79B,897.53B,22.99,0.42,"('624',)"
Sai Gon Thuong Tin Commercial Joint Stock Bank,958676,Sai Gon Thuong Tin Commercial,16.67M,51.47T,"19,643.83B",16.16,1.26,"('624',)"
South Logistics JSC,958677,South Logistics JSC,52.10K,2.93T,"2,820.00B",11.13,0.12,"('624',)"
Song Da Thang Long JSC,958678,Song Da Thang Long JSC,"94,865.38",52.50B,,,-0.31,"('624',)"
Saigontourist Transport Corp,958679,Saigontourist,"91,900.00",39.20B,,,-0.31,"('624',)"
Saigon General Service Corp,958681,Saigon General Service Corp,3.79K,3.92T,"16,891.11B",10.69,0.16,"('624',)"
Bien Hoa Packaging Co,958682,Bien Hoa Packaging Co,0.42K,888.00B,"2,285.26B",8.52,0.43,"('624',)"
Sonadezi Long Thanh Shareholding Co,958683,Sonadezi Long Thanh Shareholding Co,19.20K,1.15T,389.82B,12.9,0.65,"('624',)"
Thanh An 96 Installation and Construction JSC,958684,Thanh An 96 Installation,85.32K,193.75B,"1,228.05B",14.1,0.36,"('624',)"
Tuong An Vegetable Oil JSC,958685,Tuong An Vegetable Oil JSC,28.57K,2.61T,"6,234.34B",10.15,1.17,"('624',)"
Thac Ba Hydropower JSC,958686,Thac Ba Hydropower JSC,15.08K,1.95T,525.23B,8.8,0.06,"('624',)"
Dong Anh Electrical Equipment Manufacturing JSC,958687,Dong Anh Electrical Equipment Manuf,"42,916.26",3.57T,"2,205.53B",32.47,-0.25,"('624',)"
Tan Cang Logistics and Stevedoring JSC,958688,Tan Cang Logistics and Stevedoring,282.24K,1.18T,"1,179.85B",11.94,0.66,"('624',)"
Thanh Cong Textile Garment Investment Trading JSC,958689,Thanh Cong Textile Garment Invest,902.71K,4.99T,"3,459.13B",21.17,1.15,"('624',)"
Duyen Hai Multi Modal Transport JSC,958690,Duyen Hai Multi Modal Transport JSC,358.13K,467.78B,159.21B,20.99,0.06,"('624',)"
Taicera Enterprise Co,958691,Taicera Enterprise Co,73.25K,293.90B,977.08B,,0.29,"('624',)"
Binh Duong Trade and Development JSC,958692,Binh Duong Trade and Development,1.21M,2.41T,"1,601.76B",12.2,1,"('624',)"
Thu Duc Housing Development Corp,958693,Thu Duc Housing Development Corp,3.75M,1.43T,"1,238.53B",,1.27,"('624',)"
Thu Duc Water Supply JSC,958694,Thu Duc Water Supply JSC,1.19K,284.75B,"1,056.10B",7.84,0.65,"('624',)"
Truong Phu JSC,958695,Truong Phu JSC,"11,450.05",63.95B,,,-0.2,"('624',)"
Tien Giang Investment and Construction JSC,958696,Tien Giang Investment Construction,65.62K,1.50T,"1,410.79B",5.97,0.25,"('624',)"
Thai Nguyen Iron And Steel Joint Stock Corp,958699,Thai Nguyen Iron,"745,508.09",2.43T,"12,190.80B",62.21,-0.12,"('624',)"
Tan Binh Import Export JSC,958700,Tan Binh Import Export JSC,20.57K,1.02T,313.78B,9.03,-0.11,"('624',)"
Hydraulics Construction No4 JSC,958701,Hydraulics Construction No4,"135,401.37",240.40B,314.80B,73.88,0.04,"('624',)"
Thien Long Group Corp,958702,Thien Long Group Corp,90.91K,3.50T,"2,999.60B",10.45,0.63,"('624',)"
Tienlen Steel Corp JSC,958703,Tienlen Steel Corp JSC,3.28M,2.02T,"4,506.45B",5.1,1.17,"('624',)"
Viglacera Thang Long JSC,958704,Viglacera Thang Long JSC,"2,335.31",104.85B,,3.01,-0.35,"('624',)"
Thac Mo Hydropower JSC,958705,Thac Mo Hydropower JSC,4.65K,3.49T,636.92B,12.89,0.33,"('624',)"
Transimex Saigon Corp,958706,Transimex Saigon Corp,118.06K,7.76T,"5,188.40B",10.78,0.13,"('624',)"
TMT Motor JSC,958707,TMT Motor JSC,65.31K,630.61B,"3,362.49B",20.86,0.04,"('624',)"
Thien Nam Trading Import Export Corp,958708,Thien Nam Trading Import Export,687.83K,628.60B,"5,690.03B",13.92,0.58,"('624',)"
Nha Be Steel JSC,958709,Nha Be Steel JSC,"2,353.08",309.93B,"1,877.58B",15.3,-0.32,"('624',)"
Thong Nhat Rubber JSC,958710,Thong Nhat Rubber JSC,10.23K,692.04B,68.47B,27.76,0.5,"('624',)"
Tranimexco Transportation Import-Export and Construction JSC,958711,Tranimexco Transportation Import,"6,294.86",13.25B,,,,"('624',)"
TNT Group JSC,958712,TNT JSC,598.00K,497.25B,533.26B,19.55,0.39,"('624',)"
Tan Dai Hung Plastic JSC,958713,Tan Dai Hung Plastic JSC,6.58K,242.06B,917.88B,10.78,0.26,"('624',)"
Traphaco JSC,958714,Traphaco JSC,17.50K,3.78T,"2,191.56B",19.38,0.53,"('624',)"
Tay Ninh Rubber JSC,958715,Tay Ninh Rubber JSC,24.38K,1.34T,414.14B,13.5,0.54,"('624',)"
Seafood JSC No 4,958716,Seafood JSC No 4,207.57K,58.27B,455.94B,,0.54,"('624',)"
Techno Agricultural Supplying JSC,958717,Techno Agricultural Supplying JSC,4.26M,2.19T,515.94B,14,0.98,"('624',)"
Truong Thanh Furniture Corp,958718,Truong Thanh Furniture Corp,8.76M,3.27T,"1,498.93B",,1.29,"('624',)"
Tan Tien Plastic Packaging JSC,958719,Tan Tien Plastic,868.12,595.28B,"1,905.72B",23.21,-0.04,"('624',)"
Power Engineering Consulting JSC 1,958721,Power Engineering 1,"143,953.23",250.90B,657.63B,5.29,0.24,"('624',)"
Tri Viet Securities Joint Stock Corp,958722,Tri Viet Securities,1.85M,2.56T,350.23B,7.54,0.42,"('624',)"
Thien Viet Securities JSC,958723,Thien Viet Securities JSC,139.51K,4.36T,"1,530.31B",7.54,0.3,"('624',)"
Taya Vietnam Electric Wire and Cable JSC,958724,Taya Vietnam Electric Wire and Cabl,51.29K,584.47B,"2,665.94B",6.06,0.27,"('624',)"
Urban Development and Construction Corp,958725,Urban Development and Construction,130.73K,360.94B,340.74B,,0.29,"('624',)"
Becamex Urban Development JSC,958726,Becamex Urban Development JSC,"83,586.92",251.31B,102.47B,9.62,0.51,"('624',)"
Idico Urban and House Development JSC,958727,Idico Urban and House Development,21.80K,480.80B,"3,249.20B",9.02,0.19,"('624',)"
Vietnam Construction JSC No 11,958728,Vietnam Construction JSC No 11,"88,299.85",19.32B,,,-0.31,"('624',)"
Van Dien Fused Magnesium Phosphate Fertilizer JSC,958729,Van Dien Fused Magnesium Phosphate,8.43K,514.13B,865.20B,16.9,0.45,"('624',)"
Vnsteel Vicasa JSC,958730,Vnsteel Vicasa JSC,"61,623.44",252.11B,"2,492.95B",10.02,0.35,"('624',)"
Joint Stock Commercial Bank for Foreign Trade of Vietnam,958731,Vietcombank,962.22K,356.42T,"42,329.66B",19.76,1.14,"('624',)"
Vinacafe Bien Hoa JSC,958732,Vinacafe Bien Hoa JSC,0.33K,7.42T,"2,156.32B",10.5,-0.07,"('624',)"
Binh Tay Steel Wire Netting JSC,958733,Binh Tay Steel Wire Netting,962.50,51.10B,,,0.83,"('624',)"
Meca Vneco Investment and Electricity Construction JSC,958734,Meca Vneco Investment Electricity,"9,145.38",36.03B,,,,"('624',)"
Vinafco JSC,958735,Vinafco JSC,"3,219.63",763.90B,"1,130.29B",222.23,0.18,"('624',)"
Viet Nam Fumigation JSC,958736,Viet Nam Fumigation JSC,4.33K,1.92T,"2,082.20B",11.69,0.03,"('624',)"
Vinh Hoan Corp,958737,Vinh Hoan Corp,1.65M,10.75T,"8,305.02B",12.39,1.21,"('624',)"
Quang Nam Rubber Investment JSC,958738,Quang Nam Rubber,"5,871,122.39",199.5B,,,0.5,"('624',)"
Vingroup JSC,958739,Vingroup JSC,2.90M,399.03T,"126,697.49B",76.95,0.74,"('624',)"
Vien Dong Investment Development Trading Corp,958740,Vien Dong Investment Development,172.99K,426.13B,"1,342.78B",10.04,0.1,"('624',)"
Vietnam Petroleum Transport JSC,958741,Vietnam Petroleum Transport JSC,1.75M,739.49B,611.63B,,0.57,"('624',)"
Viet Nam Italy Steel JSC,958742,Viet Nam Italy Steel JSC,19.92K,1.32T,"5,638.81B",10.69,0.32,"('624',)"
Viky Plastic JSC,958743,Viky Plastic JSC,5.20K,2.40B,,,,"('624',)"
Vinh Long Cereal and Food Corp,958744,Vinh Long Cereal and Food Corp,"1,127,491.08",41.86B,,,,"('624',)"
Vimedimex Medi Pharma JSC,958745,Vimedimex Medi Pharma JSC,69.17K,79.00T,"17,314.61B",34.38,0.31,"('624',)"
Vinaship JSC,958746,Vinaship,"482,235.92",644.00B,771.16B,4.63,0.92,"('624',)"
Vietnam Electricity Construction JSC,958747,Vietnam Electricity Construction,1.28M,950.43B,"1,779.67B",45.45,0.64,"('624',)"
Thanh Thanh Cong Tourist JSC,958748,Thanh Thanh Cong Tourist JSC,202.00K,1.26T,339.50B,,0.5,"('624',)"
Viet Nhat Seafood Corp,958749,Viet Nhat Seafood,"441,242.02",60.98B,,,-0.38,"('624',)"
Vinalink International Freight Forwarders,958750,Vinalink International Freight Forw,140.07K,243.00B,"1,636.30B",6.97,0.15,"('624',)"
Vietnam Dairy Products JSC,958751,Vinamilk,3.38M,179.32T,"59,524.92B",19.27,0.71,"('624',)"
Vietnam Sun Corp,958752,Vietnam Sun Corp,14.27K,780.38B,657.94B,,0.37,"('624',)"
Vietnam Ocean Shipping JSC,958753,Vietnam Ocean Shipping JSC,3.34M,2.52T,"1,269.65B",40.63,0.99,"('624',)"
Van Phat Hung Corp,958754,Van Phat Hung Corp,1.73M,982.19B,220.38B,47.22,0.64,"('624',)"
Vrc Real Estate and Investment JSC,958756,Vrc Real Estate and Investment JSC,678.73K,1.04T,12.85B,,1.13,"('624',)"
Vietnam Container Shipping JSC,958757,Vietnam Container Shipping,751.17K,2.36T,"1,844.18B",14.59,0.65,"('624',)"
South Vietnam Container Shipping JSC,958758,South Vietnam Container Shipping,"83,561.46",45.28B,,,-0.01,"('624',)"
Vinh Son Song Hinh Hydropower JSC,958759,Vinh Son Song Hinh Hydropower JSC,109.69K,6.57T,"1,131.34B",15.49,0.28,"('624',)"
Water Supply Sewerage Construction and Investment JSC,958760,Water Supply Sewerage Construction,4.63K,330.00B,300.21B,13.12,-0.02,"('624',)"
Viet Hai Shipping and Real Properties Corp,958761,Viet Hai Shipping Real Properties,12.20K,36.21B,,,,"('624',)"
Vietnam Sea Transport and Chartering JSC,958762,Vietnam Sea Transport and Charterin,"941,784.15",218.30B,426.68B,,-0.17,"('624',)"
Vitaly JSC,958764,Vitaly JSC,"17,738.36",68.00B,206.06B,,0.11,"('624',)"
Viettronics Tan Binh JSC,958765,Viettronics Tan Binh JSC,8.53K,131.82B,395.13B,9.63,0.4,"('624',)"
Textile Garment Import Export and Production JSC,958767,Textile Garment Import Export,"6,200.00",13.70B,,,,"('624',)"
Vietnam Tanker JSC,958768,Vietnam Tanker JSC,1.30M,883.31B,"1,046.15B",11.89,0.71,"('624',)"
Multi Modal Transport Holding Co,958769,Multi Modal Transport Holding Co,"4,026.67",408.96B,529.77B,8.67,-1.91,"('624',)"
Western Sai Gon Beer JSC,958770,Western Sai Gon Beer JSC,"16,912.44",748.20B,"1,001.06B",8.33,0.22,"('624',)"
Hanoi Soap JSC,958771,Hanoi Soap JSC,"16,122.25",129.72B,57.80B,,0.56,"('624',)"
Becamex Pharmaceutical JSC,959138,Becamex Pharmaceutical JSC,"8,536.89",67.80B,62.27B,,-0.11,"('624',)"
Binh Dien Fertilizer JSC,959139,Binh Dien Fertilizer JSC,782.19K,1.96T,"7,345.97B",12.78,0.92,"('624',)"
G.Home Textile Investment JSC,959140,G.Home Textile,"552,320.77",36.00B,,,0.11,"('624',)"
Nafoods Group JSC,959141,Nafoods Group JSC,934.46K,1.53T,"1,492.58B",16,0.18,"('624',)"
North PetroVietnam Fertilizer & Chemicals JSC,959142,North PetroVietnam Fertilizer & Che,96.51K,195.60B,"2,644.11B",8.66,0.25,"('624',)"
Dam Phu My Packaging JSC,959143,Dam Phu My Packaging JSC,1.03K,75.18B,528.53B,12.65,0.51,"('624',)"
South West PetroVietnam Fertilizer and Chemicals JSC,959144,South West PetroVietnam Fertil Chem,180.28K,365.50B,"2,151.04B",9.11,0.89,"('624',)"
Century Synthetic Fiber Corp,959145,Century Synthetic Fiber Corp,34.83K,4.44T,"2,681.64B",14.05,0.58,"('624',)"
Viet Nam Plastic Corp,959146,Viet Nam Plastic Corp,"285,602.52",481.84B,352.84B,6.8,0.96,"('624',)"
Vietnam Pesticide JSC,959147,Vietnam Pesticide JSC,12.86K,366.91B,643.60B,30.06,0.39,"('624',)"
Travel Investment and Seafood Development Corp,960895,Travel Investment and Seafood Devel,2.15K,1.19T,"2,531.95B",25,-0.06,"('624',)"
HuuNghi Food JSC,960898,HuuNghi Food JSC,"4,066.55",837.00B,"1,916.50B",10.49,-0.15,"('624',)"
Vietnam Maritime Development JSC,960899,Vietnam Maritime Development JSC,4.38K,131.40B,232.77B,18.2,0.53,"('624',)"
National Day Pharmaceutical JSC of HCM City,961713,National Day Pharmaceutic HCM City,"1,920.58",,,,,"('624',)"
Cao Bang Mineral and Metallurgical JSC,962007,Cao Bang Mineral and Metallurgical,"41,179.14",84.80B,,,-0.09,"('624',)"
MBG Group JSC,962008,MBG JSC,2.67M,940.62B,829.71B,31.27,1.58,"('624',)"
Phuc Thinh Design Construction Trading Corp,962009,Phuc Thinh Design Construction Trad,4.07K,56.32B,213.15B,,,"('624',)"
TRANGCORP Corporation JSC,962010,TRANGCORP Corporation JSC,11.35K,169.98B,752.72B,724.1,-0.1,"('624',)"
Hai Van Tunnel Management and Operation JSC,962449,Hai Van Tunnel Management Operation,"8,016,416.89",6.39T,"1,602.54B",24.6,,"('624',)"
"TKV Investment, Trading and Services JSC",962450,"TKV Investment, Trading Services","102,171.64",214.20B,"1,881.46B",13.78,-0.14,"('624',)"
DMC Northern Petrolium Chemicals JSC,962451,DMC Northern Petrolium,"8,767.50",33.75B,,,-0.47,"('624',)"
Sai Gon Vegetable Oil JSC,962452,Sai Gon Vegetable Oil JSC,"1,020,349.23",46.00B,,,-0.18,"('624',)"
Truong Thanh Energy and Real Estate JSC,962453,Truong Thanh Energy and Real Estate JSC,615.77K,937.96B,419.80B,50.54,1.06,"('624',)"
Vietnam Exhibition Fair Centre JSC,962454,Vietnam Exhibition Fair Centre JSC,"39,736.69",43.32T,8.18B,159.33,0.97,"('624',)"
Vietnam Ocean Shipping Agency Corp,962455,Vietnam Ocean Shipping Agency Corp,4.73K,422.89B,"1,428.60B",9.58,0.39,"('624',)"
HOANG PHUC Mineral Trading and Construction JSC,962605,HOANG PHUC Mineral,0.36K,39.52B,3.12B,23.27,-0.03,"('624',)"
Truong Tien Group JSC,962606,Truong Tien Group JSC,"1,859,702.15",49.61B,11.19B,,0.94,"('624',)"
Viet Nam Steel Corp,962607,Viet Nam Steel,"2,262,387.92",10.78T,"37,912.05B",9.16,0.51,"('624',)"
Dong Nai Water JSC,969178,Dong Nai Water,"43,947.70",3.12T,"1,127.87B",16.12,0.39,"('624',)"
Saigon Industrial Foodstuffs JSC,969179,Saigon Industrial Foodstuffs,"3,046.09",63.00B,,4.07,0.13,"('624',)"
Hoang Minh Finance Investment JSC,969180,Hoang Minh Finance Investment JSC,211.28K,973.88B,80.34B,6.88,0.81,"('624',)"
PetroVietnam Oil Phu Yen JSC,969181,PetroVietnam Oil Phu Yen,13.92K,145.35B,"1,760.62B",7.31,0.42,"('624',)"
VietTien Garment Corp,969183,VietTien Garment,"18,219.61",2.03T,"7,794.22B",27.44,0.37,"('624',)"
Atesco Industrial Cartering JSC,976234,Atesco Industrial Cartering,0.70K,117.60B,37.66B,,,"('624',)"
Danang Port JSC,976235,Danang Port,51.09K,2.96T,"1,056.59B",13.13,0.18,"('624',)"
Dong Nai Roofsheet & Construction Material JSC,976236,Dong Nai Roofsheet,"268,146.62",81.67B,288.46B,,-0.23,"('624',)"
New Residential Urban Development Holdings Corp,976238,New Residential Urban Development Holdings,200.66K,66.26B,27.30B,24.51,0.52,"('624',)"
MB Securities JSC,976239,MB Securities,2.17M,9.87T,"1,649.64B",23.35,1.33,"('624',)"
Phu Nhuan Trading JSC,976241,Phu Nhuan Trading,"2,922.22",,,,,"('624',)"
Vinacomin Coal Import Export JSC,976501,Vinacomin Coal Import,1.72K,330.00B,"2,522.57B",15.02,,"('624',)"
Saigon Port JSC,976502,Saigon Port,"525,780.36",7.42T,"1,237.24B",18.52,0.84,"('624',)"
Housing Development Investment HUD2 JSC,978777,Housing Development Investment HUD2 JSC,"35,401.76",,,,,"('624',)"
MST Investment JSC,978778,MST Investment JSC,604.53K,1.18T,593.02B,11.14,0.6,"('624',)"
Tu Liem Urban Environment Service JSC,978779,Tu Liem Urban Environment Service JSC,"4,373.84",,,,,"('624',)"
Sai Gon Plastic JSC,978780,Sai Gon Plastic JSC,"1,545.45",,,,,"('624',)"
Consultant and Inspection of Construction Technology and Equipment JSC,980217,Consultant and Inspection,"4,550.00",206.80B,,,-0.05,"('624',)"
Sesan 4A Hydroelectric JSC,980218,Sesan 4A Hydroelectric,4.57K,1.25T,272.86B,10.51,0.08,"('624',)"
La Hien Cement JSC,985153,La Hien Cement,31.08K,324.00B,722.00B,6.54,-0.68,"('624',)"
Tin Nghia Industrial Park Development JSC,985154,Tin Nghia Industrial,221.87K,1.18T,301.42B,8.38,1.05,"('624',)"
Damsan JSC,985739,Damsan,446.35K,982.43B,"1,491.89B",12.75,0.2,"('624',)"
Ipa Investments Group JSC,985740,Ipa Investments,"560,687.79",13.86T,272.51B,5.13,0.42,"('624',)"
Vinacomin Mining Geology JSC,985741,Vinacomin Mining Geo,"33,168.19",,,,,"('624',)"
Posts and Telecommunications Material Supply JSC,985742,Posts and Telecom Material,300.00,,,,,"('624',)"
Hcd Investment Producing and Trading JSC,985858,Hcd Investment Producing,1.11M,334.80B,735.64B,17.04,0.55,"('624',)"
Viettronics Bien Hoa JSC,985926,Viettronics Bien,600.00,,,,,"('624',)"
Ha Long Investment & Consulting JSC,985927,Ha Long Investment,1.62M,640.44B,312.69B,,0.75,"('624',)"
Viet Nam Books JSC,986055,Viet Nam Books,"703,652.52",1.52T,26.31B,44.85,0.4,"('624',)"
Minh Khang Capital Trading Public JSC,986224,Minh Khang Capital Trading Public JSC,94.04K,107.69B,86.07B,,0.86,"('624',)"
Vinacomin Minerals Holding Corp,986225,Vinacomin Minerals,"20,740.59",10.12T,"7,735.59B",17.64,,"('624',)"
An Truong An JSC,986437,An Truong An,"948,133.85",51.75B,,,0.36,"('624',)"
Sai Gon Phu Tho Beer JSC,986438,Sai Gon Phu Tho Beer,"1,025.00",231.25B,338.72B,27.05,0.43,"('624',)"
Railway Transport and Trade JSC,986439,Railway Transport,"1,493.57",,,,,"('624',)"
Dongthap Trading Corp,986637,Dongthap Trading,"1,834,478.85",35.64B,,,-1.06,"('624',)"
Faros Construction Corp,987188,Faros Construction,17.19M,4.82T,"2,052.91B",15.29,0.88,"('624',)"
Vnsteel Hanoi Steel Corp,989495,Vnsteel Hanoi Steel,"1,200.00",133.20B,,,,"('624',)"
Viet Nam Vegetable Oils Industry Corp,989637,Viet Nam Vegetable Oils,"239,812.83",4.41T,"1,646.10B",23.56,0.52,"('624',)"
Bien Hoa Building Materials Production and Construction JSC,991142,Bien Hoa Building Materials,"51,783.58",2.38T,"1,047.03B",15.75,-0.02,"('624',)"
Hai Phong Thermal Power JSC,991208,Hai Phong Thermal Power,"92,864.05",9.10T,"9,271.84B",12.42,0.43,"('624',)"
Lilama 69-3 JSC,991209,Lilama 69-3,"6,637.98",,,,,"('624',)"
Hoang Huy Investment Financial,991210,Hoang Huy Investment,10.36M,12.99T,"2,079.31B",9.47,0.89,"('624',)"
Dong A Hotel Group JSC,992674,Dong A Hotel Group,1.16M,341.32B,318.61B,,0.15,"('624',)"
Saigon Train JSC,992676,Saigon Train,0.30K,,,,,"('624',)"
Tien Thanh Service and Trading JSC,992926,Tien Thanh Service,2.09M,299.00B,166.43B,,0.59,"('624',)"
Hanoi Beer Alcohol and Beverage JSC,993046,Hanoi Beer Alcohol,7.23K,13.84T,"7,872.03B",20.3,1.02,"('624',)"
Saigon Traffic Construction JSC,993047,Saigon Traffic Construction,"3,688.77",356.25B,"1,453.19B",9.42,-0.51,"('624',)"
Lilama 45.1 JSC,993049,Lilama 45.1,"9,397.10",,,,,"('624',)"
Vinacomin Viet Bac Mining Industry Holding Corp,993050,Vinacomin Viet Bac Mining Industry Holding,"11,599.69",2.73T,"5,030.87B",5.96,0.27,"('624',)"
Phu Bai Spinning Mill JSC,993051,Phu Bai Spinning Mill,371.43,247.00B,,,,"('624',)"
Central Pharmaceutical N3 JSC,993052,Central Pharmaceutical N3,"2,266.67",,,,,"('624',)"
Vissan JSC,993053,Vissan,"8,618.53",2.82T,"4,576.02B",26.41,0.45,"('624',)"
Dong Nai Material & Building Investment JSC,993211,Dong Nai Material,"1,785.28",291.52B,,,0.42,"('624',)"
Power Construction JSC No 1,993259,Power Construction No 1,2.34M,8.51T,"10,161.38B",9.97,1.07,"('624',)"
Airports Corporation of Viet Nam,993310,Airports Corporation of Viet Nam,"106,528.16",170.89T,"7,387.07B",922.21,0.94,"('624',)"
Saigon Passenger Transport JSC,993311,Saigon Passenger Transport JSC,"2,302.48",552.00B,364.01B,12.02,0.3,"('624',)"
Vinaconex Water Supply JSC,993312,Vinaconex Water Supply JSC,"1,302.63",2.85T,524.07B,14.12,0.42,"('624',)"
Halang Railway JSC,994002,Halang Railway,100.00,,,,,"('624',)"
An Giang Agriculture and Foods Import-Export JSC,994068,An Giang Agriculture and Foods,"270,948.02",486.50B,671.76B,32.46,0.89,"('624',)"
Cholimex Food JSC,994069,Cholimex Food,500.00,1.73T,"2,466.34B",9.61,,"('624',)"
Hanoi Entertainment Services Corp,994070,Hanoi Entertainment Services,700.00,,,,,"('624',)"
Hanoi Water Supply Number 2 JSC,994071,Hanoi Water Supply 2,"2,567.27",545.28B,463.84B,60.65,-0.11,"('624',)"
Railway Construction Corporation JSC,994072,Railway Construction,"4,002.65",312.24B,626.66B,4.16,0.08,"('624',)"
Saigon Beer Alcohol Beverage Corp,994073,Saigon Beer Alcohol Beverage,150.99K,97.35T,"25,235.26B",20.66,0.89,"('624',)"
Dong Nai JSC of Agricultural Material,994437,Dong Nai,415.38,,,,,"('624',)"
Vinacomin Power Holding Corp,994438,Vinacomin Power,"7,081.13",10.20T,"12,610.62B",14.63,,"('624',)"
Hydraulic Engineering Consultant Corp II,994439,Hydraulic Engineering II,489.63,,,,,"('624',)"
Hanel Plastics JSC,994440,Hanel Plastics,871.43,121.50B,,,-0.95,"('624',)"
Nam Tan Uyen JSC,994441,Nam Tan Uyen,"74,806.94",4.42T,233.64B,16.74,0.97,"('624',)"
Petrovietnam Machinery Technology JSC,994442,Petrovietnam Machinery Tech,"187,270.11",799.82B,659.56B,13.77,0.25,"('624',)"
Pacific Petroleum Transportation JSC,994443,Pacific Petroleum Transport,"937,578.23",1.70T,"1,451.62B",7.53,1.14,"('624',)"
Quang Ngai Sugar JSC,994444,Quang Ngai Sugar,"1,286,323.61",14.98T,"7,171.15B",12.07,0.39,"('624',)"
Sonadezi Environment JSC,994445,Sonadezi Environment,"48,370.22",432.00B,358.66B,18.82,0.51,"('624',)"
Vinaconex Power Development and Construction Investment JSC,994446,Vinaconex Power Development,"3,858.22",2.26T,639.01B,24.13,0.29,"('624',)"
Vina Printing and Trading Corp,994447,Vina Printing and Trading,"3,351.71",,,,,"('624',)"
An Giang Fruit-Vegetables & Foodstuff JSC,994636,An Giang Fruit-Vegetables,"47,776.39",,,,,"('624',)"
36 Corp,994637,36 Corp,"2,160,577.97",2.41T,"1,502.04B",,1.44,"('624',)"
Mitraco Livestock JSC,994638,Mitraco Livestock,"62,523.78",147.60B,198.98B,1.55,0.9,"('624',)"
Saigon Nghetinh Beer JSC,994639,Saigon Nghetinh Beer,"3,216.12",,,,,"('624',)"
Viet Nam Seaproducts Joint Stock Corp,994641,Viet Nam Seaproducts,"14,544.16",5.36T,951.09B,24.34,0.09,"('624',)"
Thi Nai Port JSC,994642,Thi Nai Port,"1,123.08",,,,,"('624',)"
No Va Land Investment Group Corp,994755,No Va Land Invest,2.85M,163.86T,"11,535.13B",33.48,0.37,"('624',)"
Viet Thai Electric Cable Corp,994756,Viet Thai Electric,2.00K,74.38B,415.22B,16.13,,"('624',)"
Binh Duong PP Pack Making JSC,994840,Binh Duong PP Pack,"1,542.14",32.37B,,12.12,-0.37,"('624',)"
Hanoi Construction Investment JSC,994841,Hanoi Construction Invest,120.10,301.89B,,,,"('624',)"
Hanoi Electromechanical Manufacturing JSC,994842,Hanoi Electromechanical,"2,549.31",601.36B,450.53B,509.02,-0.27,"('624',)"
Hanoi Fuel JSC,994843,Hanoi Fuel,893.51,110.67B,,,-0.61,"('624',)"
Hoa Viet JSC,994844,Hoa Viet,"5,147.74",96.40B,376.52B,8.25,,"('624',)"
Ha Tien Packaging JSC,994845,Ha Tien Packaging,"1,100.00",92.00B,,,-1.17,"('624',)"
Ha Noi Transport Station JSC,994846,Ha Noi Transport Station,"1,148.84",150.10B,67.34B,13.8,,"('624',)"
Ha Noi Tram JSC,994847,Ha Noi Tram,344.21,,,,,"('624',)"
HPT Vietnam Corp,994848,HPT Vietnam,"9,038.82",121.75B,,12.3,0.37,"('624',)"
Hanoi Railway Transport JSC,994849,Hanoi Railway Transport,"56,779.63",624.46B,"1,545.52B",,0.8,"('624',)"
HUD4 Investment and Construction JSC,994850,HUD4 Investment,"244,481.13",375.00B,439.32B,16.36,0.17,"('624',)"
IDICO Investment Construction Oil and Natural Gas JSC,994852,IDICO,"2,605.41",760.00B,,,0.18,"('624',)"
Interfood Shareholding Co,994853,Interfood Shareholding,"4,950.78",2.29T,"1,324.64B",11.15,-0.02,"('624',)"
Aviation Printing JSC,994854,Aviation Printing,"3,600.00",102.17B,,37.69,,"('624',)"
Mechanical and Industrial Construction JSC,994855,Mechanical and Industrial,"7,525.00",185.76B,,,,"('624',)"
Idico Srok Phu Mieng Hydropower JSC,994856,Idico Srok Phu Mieng Hydropower,"3,438.10",963.00B,206.19B,12.71,0.05,"('624',)"
Tan Cang Song Than ICD JSC,994857,Tan Cang Song,"1,967.86",372.27B,325.71B,11.16,-0.64,"('624',)"
Khanh Hoa Power Centrifugal Concrete JSC,994858,Khanh Hoa Power Centrifugal,610.37,21.30B,,29.86,,"('624',)"
Thang Long Metal Wares JSC,994859,Thang Long Metal Wares,"2,322.22",520.32B,978.32B,14.1,0.36,"('624',)"
Long Khanh Water Supply JSC,994860,Long Khanh Water Supply,"8,187.13",112.50B,,35.71,-0.12,"('624',)"
PC3 Investment JSC,994861,PC3 Investment,4.40K,413.41B,128.84B,10.86,0.49,"('624',)"
FPT Securities JSC,995120,FPT Securities,816.83K,9.15T,"1,209.20B",15.68,0.9,"('624',)"
Thua Thien Hue Construction Transportation JSC,995121,Thua Thien Hue Construct,"4,222.13",21.88B,,3.1,0.35,"('624',)"
Ego Viet Nam Investment JSC,995122,Ego Viet Nam Investment JSC,16.93K,46.63B,79.95B,,-0.05,"('624',)"
Industrial Construction and Investment JSC,995123,Industrial Construction,"19,587.67",29.20B,,,,"('624',)"
Electrical Devices JSC No1,995125,Electrical Devices No1,"2,230.52",117.60B,,5.61,,"('624',)"
Masan Consumer Corp,995126,Masan Consumer,"8,731.97",82.86T,"25,479.78B",16.79,0.54,"('624',)"
Masan Resources Corp,995127,Masan Resources,"1,060,660.17",29.46T,"11,821.77B",,0.75,"('624',)"
Hatinh Minerals and Trading Joint Stock Corp,995128,Hatinh Minerals Trading,"139,665.00",1.52T,"1,399.77B",24.75,1.01,"('624',)"
Noi Bai Catering Services JSC,995129,Noi Bai Catering,"10,168.37",412.81B,223.36B,,0.62,"('624',)"
North Electrictiy Development and Investment JSC No2,995130,North Electrictiy No2,"3,993.24",1.42T,379.52B,10.77,0.06,"('624',)"
Ngoc Nghia Industry Service Trading JSC,995131,Ngoc Nghia Industry,"33,239.59",1.60T,"1,292.79B",15.22,0.55,"('624',)"
Ninh Thuan Water Supply JSC,995132,Ninh Thuan Water,661.29,,,,,"('624',)"
Ha Noi Water Manufacturing JSC No 3,995133,Ha Noi Water No 3,"3,226.71",,,,,"('624',)"
Petrolimex Equipment JSC,995134,Petrolimex Equipment,817.46,,,,,"('624',)"
Telvina Vietnam Communication JSC,995135,Telvina Vietnam,"1,828.57",44.46B,113.92B,15.33,0.34,"('624',)"
Phu Nhuan Technical Construction JSC,995136,Phu Nhuan Tech,"6,895.13",,,,,"('624',)"
PTSC Offshore Services JSC,995137,PTSC Offshore,"94,936.72",668.00B,"2,566.58B",24.11,1.26,"('624',)"
Petrolimex Hatay Transportation and Service JSC,995138,Petrolimex Hatay,"1,552.05",49.74B,,12.46,,"('624',)"
PV Oil Lube JSC,995139,PV Oil Lube,"133,919.39",,,,,"('624',)"
Que Phong Hydropower JSC,995140,Que Phong Hydropower,"3,191.89",600.23B,121.98B,7.3,0.04,"('624',)"
Quy Nhon New Port JSC,995141,Quy Nhon New Port,"2,533.73",250.38B,,,-0.41,"('624',)"
Tan Bien Rubber JSC,995142,Tan Bien Rubber,"40,035.47",2.77T,942.61B,8.53,0.56,"('624',)"
Song Da 8 JSC,995143,Song Da 8,"33,769.23",11.20B,,,-0.79,"('624',)"
Saigon Shipping JSC,995145,Saigon Shipping,"3,982.19",252.35B,270.99B,9.36,0.47,"('624',)"
Saigon Co.op Investment Development JSC,995147,Saigon Co.op,"15,740.07",1.60T,,46.44,0.76,"('624',)"
Supan 2 Hydropower JSC,995149,Supan 2 Hydropower,"8,829.92",,,,,"('624',)"
Sai Gon Packaging JSC,995150,Sai Gon Packaging,840.53,,,,,"('624',)"
DaNang Seaproducts Import Export Corp,995151,DaNang Seaproducts,362.85,127.20B,791.21B,,,"('624',)"
Sai Gon Railway Transport JSC,995152,Sai Gon Railway,"43,617.55",407.51B,929.47B,,0.05,"('624',)"
Saigon Seaproducts Import Export JSC,995153,Saigon Seaproducts,"1,022,620.46",447.48B,20.74B,5807.2,1.5,"('624',)"
Southern Waterborne Transport Corp,995154,Southern Waterborne,"74,065.66",2.15T,727.28B,10.75,0.18,"('624',)"
Bentre Transportation Works Contruction JSC,995155,Bentre Transportation,"18,666.67",10.44B,,,,"('624',)"
Thu Duc Steel JSC,995156,Thu Duc Steel,"34,782.66",277.52B,"2,257.98B",6.4,0.58,"('624',)"
Vinacomin Northern Coal Trading JSC,995157,Vinacomin Northern Coal,20.95K,255.00B,"10,122.66B",6.59,0.41,"('624',)"
Top One Allot JSC,995158,Top One Allot,"708,463.62",70.98B,6.23B,,0.84,"('624',)"
Sai Gon Transportation Parking JSC,995159,Sai Gon Transport,100.00,143.00B,,,-0.4,"('624',)"
Tracimexco Supply Chains and Agency Services JSC,995160,Tracimexco Supply Chains,"1,354.64",169.23B,,,0.26,"('624',)"
Thanh Tri Garment JSC,995161,Thanh Tri Garment,"13,201.59",16.58B,,,,"('624',)"
No 25 Central Pharmaceutical JSC,995163,No 25 Central Pharma,951.31,151.56B,177.96B,,,"('624',)"
Vietnam National Textile and Garment Group,995164,Vietnam National Textile,"6,354,534.30",12.25T,"14,685.84B",18.72,1.22,"('624',)"
Viet Nam International Commercial Joint Stock Bank,995165,Viet Nam International Commercial Joint Stock Bank,"1,920,634.38",63.06T,"12,080.44B",9.53,1.27,"('624',)"
Viet Nam Forestry Corporation JSC,995166,Viet Nam Forestry,"13,980.00",7.32T,"2,597.86B",28.21,0.49,"('624',)"
Vietnam Foreign Trade Forwarding and Warehousing JSC,995167,Vietnam Foreign Trade,"5,672.35",456.45B,282.97B,8.94,1.03,"('624',)"
Khanh Hoa Mineral Water JSC,995168,Khanh Hoa Mineral Water,0.10K,900.00B,,,-0.85,"('624',)"
Vietnam Livestock Corporation JSC,995169,Vietnam Livestock,"65,357.55",2.18T,"3,512.76B",18.35,0.58,"('624',)"
Vinalines Logistics Viet Nam JSC,995170,Vinalines Logistics Viet Nam,"113,710.80",145.87B,537.62B,12.43,0.08,"('624',)"
Vinacomin Motor Industry JSC,995171,Vinacomin Motor,2.01K,21.87B,,,,"('624',)"
Viet Nam Land Investment Corp,995172,Viet Nam Land Invest,"6,820.08",173.67B,,,-0.27,"('624',)"
VP Petrochemical Transport JSC,995173,VP Petrochemical,"7,368.24",101.01B,114.44B,,,"('624',)"
Viet Nam Power Development JSC,995174,Viet Nam Power,62.87K,1.99T,577.72B,11.7,0.4,"('624',)"
Viet Nam Rubber Industrial Zone and Urban Development JSC,995175,Viet Nam Rubber,"34,329.73",618.89B,22.16B,208.95,0.81,"('624',)"
Ba Ria Vung Tau Tourist JSC,995176,Ba Ria Vung Tau,"1,000.00",186.45B,48.03B,,,"('624',)"
Vietnam Water Sanitation and Environment JSC,995178,Vietnam Water Sanitation,"2,159.47",42.48B,,,,"('624',)"
Xuan Hoa Viet Nam JSC,995179,Xuan Hoa Vietnam,"1,160.00",548.25B,587.05B,7.64,0.17,"('624',)"
Industrial Construction JSC,995717,Industrial Construction,390.48,,,,,"('624',)"
MDF VRG Quang Tri Wood JSC,995718,MDF VRG Quang Tri Wood,"20,146.00",1.31T,"1,207.20B",16.77,,"('624',)"
Noi Bai Airport Services JSC,995719,Noi Bai Airport Services,847.19,244.48B,,,0.2,"('624',)"
Lang Son Water Supply and Drainage JSC,995720,Lang Son Water Supply,400.00,,,,,"('624',)"
Power Engineering JSC,995721,Power Engineering,"1,117.70",26.17B,,,,"('624',)"
Sai Gon Port Stevedoring and Service JSC,995723,Sai Gon Port Stevedoring,"22,255.19",,,,,"('624',)"
Saigon-Baclieu Beer JSC,995724,Saigon-Baclieu Beer,"2,185.71",129.73B,149.24B,,-0.16,"('624',)"
Tan Hoa Water Supply JSC,995725,Tan Hoa Water Supply,680.00,,,,,"('624',)"
Tan Mai General Wood JSC,995726,Tan Mai General Wood,"7,850.00",62.94B,,,,"('624',)"
AMECC Mechanical Construction JSC,996100,AMECC Mechanical,"469,393.63",575.09B,"3,104.43B",6.69,-0.07,"('624',)"
Phu Tho Cement JSC,996104,Phu Tho Cement,"18,927.54",,,,,"('624',)"
Thongnhat Flat Steel JSC,996107,Thongnhat Flat,"243,909.88",,,,,"('624',)"
Union of Survey and Construction JSC,996108,Union of Survey,716.67,,,,,"('624',)"
YenBinh Cement JSC,996109,YenBinh Cement,"17,897.76",265.30B,"1,007.43B",11.52,0.52,"('624',)"
Vinh Ha Food Processing and Construction JSC,996111,Vinh Ha Food,1.25K,274.99B,406.62B,,,"('624',)"
Vung Tau Intourco Resort JSC,996112,Vung Tau Intourco,"2,555.00",88.99B,,,,"('624',)"
Vinacomin Quacontrol JSC,996113,Vinacomin Quacontrol,"2,042.48",61.19B,,6.56,0.86,"('624',)"
Duc Quan Investment and Development JSC,996144,Duc Quan Invest,1.22M,301.50B,107.60B,,0.84,"('624',)"
Tam Duc Cardiology Hospital JSC,996223,Tam Duc Cardiology,"2,041.94",841.36B,487.37B,57.54,0.22,"('624',)"
Electrical Mechanical Equipment and Spare Parts JSC,996563,Electrical Mechanical Equipment,3.60K,,,,,"('624',)"
Dong Nai Brick and Tile Corp,996564,Dong Nai Brick and Tile,"2,344.08",,,,,"('624',)"
One World Services JSC,996565,One World Services,"1,050.00",,,,,"('624',)"
Petrolimex Information Technology and Telecommunication JSC,996566,Petrolimex Infor Tech,1.89K,99.45B,126.97B,8.06,0.61,"('624',)"
Petrovietnam Oil Nam Dinh JSC,996567,Petrovietnam Oil Nam Dinh,357.44,,,,,"('624',)"
SaoBacDau Technologies Corp,996568,SaoBacDau Tech,"13,737.72",,,,,"('624',)"
Thanh An 77 JSC,996569,Thanh An 77,683.80K,,,,,"('624',)"
Sai Gon Quang Ngai Beer JSC,997141,Sai Gon Quang Ngai Beer,"5,390.00",1.19T,"1,158.26B",9.17,0.01,"('624',)"
Cho Lon Investment and Import Export Corp,997142,Cho Lon Investment,"422,722.11",2.38T,501.27B,17.04,0.33,"('624',)"
EVN International JSC,997143,EVN Intl,"11,392.30",696.87B,16.19B,5.95,0.13,"('624',)"
Halong Beer and Beverage JSC,997144,Halong Beer Beverage,"2,179.29",558.00B,,,0.43,"('624',)"
Ha Thai Railway JSC,997145,Ha Thai Railway,"2,600.00",,,,,"('624',)"
Haiphong Port Tugboat and Transport JSC,997146,Haiphong Port Tugboat,"1,100.00",51.30B,,,0.06,"('624',)"
Vietjet Aviation JSC,997168,Vietjet Aviation,871.44K,64.99T,"14,805.98B",428.98,1.01,"('624',)"
Thuduc Centrifugal Concrete JSC,997536,Thuduc Centrifugal,"14,761.72",,,,,"('624',)"
Ben Thanh Tourist Service Corp,997537,Ben Thanh Tourist,810.53,556.53B,384.02B,,0.05,"('624',)"
A Dong Paint JSC,997901,A Dong Paint,"4,054.16",599.04B,447.95B,9.81,0.44,"('624',)"
Ha Noi Hai Phong Beer JSC,997902,Ha Noi Hai Phong Beer,"4,423.27",,,,,"('624',)"
Bao Loc Supply Sewerage and Construction JSC,997904,Bao Loc Supply Sewerage,481.48,31.05B,,,0.33,"('624',)"
Hai Phong Cua Cam Port JSC,997905,Hai Phong Cua Cam,"2,320.21",,,,,"('624',)"
Dong Anh Licogi Mechanical JSC,997907,Dong Anh Licogi,"1,750.00",930.00B,863.77B,7.79,0.05,"('624',)"
Construction and Materials Trading JSC,997908,Construction and Materials,"15,124.93",997.88B,963.65B,3.17,0.06,"('624',)"
Dong A Packaging JSC,997910,Dong A Packaging,860.16,64.01B,,,,"('624',)"
DongDo Marine JSC,997911,DongDo Marine,"17,769.92",57.55B,265.87B,,0.02,"('624',)"
Dona Transportation Construction JSC,997912,Dona Transportation,"325,837.72",774.00B,409.71B,,-0.29,"('624',)"
Dongnai Pharmaceutical JSC,997913,Dongnai Pharma,"1,758.00",59.40B,,,0.34,"('624',)"
Hai Phong Port Trading and Services JSC,997914,Hai Phong Port Trading,"5,971.22",,,,,"('624',)"
Power Investment Trade Service JSC,997915,Power Investment Trade,"89,800.06",731.06B,42.69B,27.59,0.62,"('624',)"
Binh Long Rubber Industrial Park Corp,997916,Binh Long Rubber Industrial,"2,695.50",744.00B,115.36B,13.67,0.54,"('624',)"
Nha Trang Urban Environmental JSC,997917,Nha Trang Urban,"9,350.45",,,,,"('624',)"
Special Aquatic Products JSC,997918,Special Aquatic,"1,514.85",,,,,"('624',)"
Hydro Power JSC Power No3,997934,Hydro Power No3,1.84K,659.30B,95.28B,9.66,0.27,"('624',)"
Do Thanh Technology Corp,997935,Do Thanh Tech,4.17K,134.51B,190.37B,14.22,0.2,"('624',)"
Saigon Viendong Technology JSC,997936,Saigon Viendong Tech,224.07K,202.06B,126.96B,5.17,-0.14,"('624',)"
VMG Media JSC,998115,VMG Media,"49,420.97",275.25B,"1,587.93B",,1.01,"('624',)"
Sai Gon Export Foodstuffs and Agricultural Products JSC,998116,Sai Gon Export Foodstuffs,"26,433.13",399.60B,,,-0.42,"('624',)"
Armephaco JSC,998117,Armephaco,"1,688.89",253.50B,,41.88,,"('624',)"
Protrade Garment JSC,998118,Protrade Garment,"1,933.05",552.00B,"1,448.16B",8.68,0.17,"('624',)"
Bao Long Insurance Corp,998119,Bao Long Insurance,"26,216.52",1.12T,"1,049.46B",12.47,0.06,"('624',)"
Ha Noi Thai Binh Beer JSC,998120,Ha Noi Thai Binh Beer,"8,452.22",,,,,"('624',)"
CamRanh Port JSC,998121,CamRanh Port,"17,216.33",836.31B,179.87B,20.15,,"('624',)"
Ho Chi Minh City Public Lighting JSC,998122,Ho Chi Minh City Public,"88,038.23",445.88B,402.55B,16.22,0.08,"('624',)"
Development Investment Construction Number 1 JSC,998124,Development Investment 1,"10,284.95",62.68B,,,0.66,"('624',)"
Design and Construction JSC No 1,998125,Design and Construction No 1,"7,547.96",,,,,"('624',)"
Dat Phuong JSC,998126,Dat Phuong,1.22M,4.98T,"2,281.79B",8.54,1.02,"('624',)"
Daklak Power Hydroelectric JSC,998127,Daklak Power Hydroelectric,"6,457.14",,,,,"('624',)"
FPT Telecom JSC,998128,FPT Telecom,"16,621.11",24.76T,"12,386.92B",21.41,0.47,"('624',)"
Gia Lai Electricity JSC,998129,Gia Lai Electricity,"1,470,803.13",5.15T,"1,513.13B",21.38,0.48,"('624',)"
Hatinh Pharmaceutical JSC,998130,Hatinh Pharmaceutical,"41,396.41",145.98B,,,0.3,"('624',)"
Hai Phong Water JSC,998131,Hai Phong Water,"1,279.84",1.34T,"1,013.43B",14.14,0.35,"('624',)"
Hestia JSC,998132,Hestia,"1,809.09",268.46B,,,0.44,"('624',)"
HUD6 City and Housing Development Investment JSC,998133,HUD6 City and Housing,"17,858.29",72.00B,,,-0.5,"('624',)"
Lang Son Cement JSC,998134,Lang Son Cement,"1,000.00",25.11B,,,,"('624',)"
Binh Duong Building Materials and Construction Corp,998135,Binh Duong Building Materials,"384,518.81",1.32T,398.59B,,0.56,"('624',)"
National of General Construction Consultants JSC,998136,National of General Construction,0.10K,,,,,"('624',)"
Petrolimex Installation No III JSC,998137,Petrolimex Installation III,3.23K,46.00B,259.66B,,0.57,"('624',)"
Post Printing and Telecommunication Services JSC,998138,Post Printing and Telecom,"1,676.81",96.73B,,,0.29,"('624',)"
Quang Ninh Mineral Water Corp,998139,Quang Ninh Mineral Water,"2,897.38",191.51B,,,0.22,"('624',)"
Quang Ninh Thermal Power JSC,998140,Quang Ninh Thermal Power,"2,020,359.89",7.29T,"8,677.23B",4.23,0.32,"('624',)"
Seaproducts Mechanical Shareholding JSC,998141,Seaproducts Mechanical,"9,540.00",19.51B,,,,"('624',)"
Sonadezi Services JSC,998142,Sonadezi Services,"2,308.33",135.00B,,,0.6,"('624',)"
Saigon Transport Agency JSC,998143,Saigon Transport Agency,125.00,96.05B,,5.12,,"('624',)"
Trung An Water Supply JSC,998144,Trung An Water Supply,100.00,,,,,"('624',)"
Vimico Thai Nguyen Non Ferrous Metal JSC,998145,Vimico Thai Nguyen,995.35,1.05T,949.26B,7.02,0.15,"('624',)"
Vinacomin Industry Investment Consulting JSC,998146,Vinacomin Industry Investment,"1,029.29",22.08B,,,,"('624',)"
LDG Investment JSC,998172,LDG Investment,10.57M,3.06T,"1,056.66B",140.59,1.23,"('624',)"
Thong Nhat JSC,999090,Thong Nhat,6.98K,591.22B,105.16B,16.67,0.64,"('624',)"
Tipharco Pharmaceutical JSC,999091,Tipharco Pharma,"1,883.36",,,,,"('624',)"
Cafico Viet Nam Corp,1006206,Cafico Viet Nam,"6,411.89",20.33B,,,0.17,"('624',)"
Petec Coffee JSC,1006207,Petec Coffee,"3,174.37",,,,,"('624',)"
Inland Waterway Management Maintenance No10 JSC,1006208,Inland Waterway No10,"1,086.84",,,,,"('624',)"
Quang Ninh Pine JSC,1006209,Quang Ninh Pine,0.13K,,,,,"('624',)"
Hoi An Tourist Service JSC,1006230,Hoi An Tourist,0.62K,286.80B,17.27B,,0.79,"('624',)"
